{"timestamp":"2026-09-02T13:55:50.019854Z","level":"info","event":"Filling up the DagBag from /opt/airflow/dags/1_first_task.py","logger":"airflow.dag_processing.dagbag.BundleDagBag","filename":"dagbag.py","lineno":460}
{"timestamp":"2026-09-02T13:56:20.575346Z","level":"info","event":"Filling up the DagBag from /opt/airflow/dags/1_first_task.py","logger":"airflow.dag_processing.dagbag.BundleDagBag","filename":"dagbag.py","lineno":460}
{"timestamp":"2026-09-02T13:56:50.995835Z","level":"info","event":"Filling up the DagBag from /opt/airflow/dags/1_first_task.py","logger":"airflow.dag_processing.dagbag.BundleDagBag","filename":"dagbag.py","lineno":460}
{"timestamp":"2026-09-02T13:57:21.397231Z","level":"info","event":"Filling up the DagBag from /opt/airflow/dags/1_first_task.py","logger":"airflow.dag_processing.dagbag.BundleDagBag","filename":"dagbag.py","lineno":460}
{"timestamp":"2026-09-02T13:57:51.783662Z","level":"info","event":"Filling up the DagBag from /opt/airflow/dags/1_first_task.py","logger":"airflow.dag_processing.dagbag.BundleDagBag","filename":"dagbag.py","lineno":460}
{"timestamp":"2026-09-02T13:58:22.177119Z","level":"info","event":"Filling up the DagBag from /opt/airflow/dags/1_first_task.py","logger":"airflow.dag_processing.dagbag.BundleDagBag","filename":"dagbag.py","lineno":460}
{"timestamp":"2026-09-02T13:58:52.574855Z","level":"info","event":"Filling up the DagBag from /opt/airflow/dags/1_first_task.py","logger":"airflow.dag_processing.dagbag.BundleDagBag","filename":"dagbag.py","lineno":460}
{"timestamp":"2026-09-02T13:59:22.969086Z","level":"info","event":"Filling up the DagBag from /opt/airflow/dags/1_first_task.py","logger":"airflow.dag_processing.dagbag.BundleDagBag","filename":"dagbag.py","lineno":460}
{"timestamp":"2026-09-02T13:59:53.331054Z","level":"info","event":"Filling up the DagBag from /opt/airflow/dags/1_first_task.py","logger":"airflow.dag_processing.dagbag.BundleDagBag","filename":"dagbag.py","lineno":460}
{"timestamp":"2026-09-02T14:00:23.723265Z","level":"info","event":"Filling up the DagBag from /opt/airflow/dags/1_first_task.py","logger":"airflow.dag_processing.dagbag.BundleDagBag","filename":"dagbag.py","lineno":460}
{"timestamp":"2026-09-02T14:00:36.955696Z","level":"info","event":"Filling up the DagBag from /opt/airflow/dags/1_first_task.py","logger":"airflow.dag_processing.dagbag.BundleDagBag","filename":"dagbag.py","lineno":460}
{"timestamp":"2026-09-02T14:00:37.062152Z","level":"info","event":"This is my second task","logger":"dag_processor.stdout"}
{"timestamp":"2026-09-02T14:00:37.062611Z","level":"error","event":"Failed to import: /opt/airflow/dags/1_first_task.py","logger":"airflow.dag_processing.importers.python_importer","filename":"python_importer.py","lineno":244,"error_detail":[{"exc_type":"AttributeError","exc_value":"'NoneType' object has no attribute 'update_relative'","exc_notes":[],"syntax_error":null,"is_cause":false,"frames":[{"filename":"/home/airflow/.local/lib/python3.13/site-packages/airflow/dag_processing/importers/python_importer.py","lineno":238,"name":"parse"},{"filename":"<frozen importlib._bootstrap_external>","lineno":1023,"name":"exec_module"},{"filename":"<frozen importlib._bootstrap>","lineno":488,"name":"_call_with_frames_removed"},{"filename":"/opt/airflow/dags/1_first_task.py","lineno":20,"name":"<module>"},{"filename":"/home/airflow/.local/lib/python3.13/site-packages/airflow/sdk/definitions/dag.py","lineno":1696,"name":"factory"},{"filename":"/opt/airflow/dags/1_first_task.py","lineno":17,"name":"first_dag"},{"filename":"/home/airflow/.local/lib/python3.13/site-packages/airflow/sdk/definitions/_internal/mixins.py","lineno":99,"name":"__rshift__"},{"filename":"/home/airflow/.local/lib/python3.13/site-packages/airflow/sdk/definitions/xcom_arg.py","lineno":157,"name":"set_downstream"},{"filename":"/home/airflow/.local/lib/python3.13/site-packages/airflow/sdk/definitions/_internal/node.py","lineno":150,"name":"set_downstream"},{"filename":"/home/airflow/.local/lib/python3.13/site-packages/airflow/sdk/definitions/_internal/node.py","lineno":102,"name":"_set_relatives"}],"is_group":false,"exceptions":[]}]}
{"timestamp":"2026-09-02T14:00:37.073683Z","level":"error","event":"Error loading DAG from 1_first_task.py: 'NoneType' object has no attribute 'update_relative'","logger":"airflow.dag_processing.dagbag.BundleDagBag","filename":"dagbag.py","lineno":319}
{"timestamp":"2026-09-02T14:01:07.453441Z","level":"info","event":"Filling up the DagBag from /opt/airflow/dags/1_first_task.py","logger":"airflow.dag_processing.dagbag.BundleDagBag","filename":"dagbag.py","lineno":460}
{"timestamp":"2026-09-02T14:01:07.494037Z","level":"info","event":"This is my second task","logger":"dag_processor.stdout"}
{"timestamp":"2026-09-02T14:01:07.493962Z","level":"error","event":"Failed to import: /opt/airflow/dags/1_first_task.py","logger":"airflow.dag_processing.importers.python_importer","filename":"python_importer.py","lineno":244,"error_detail":[{"exc_type":"AttributeError","exc_value":"'NoneType' object has no attribute 'update_relative'","exc_notes":[],"syntax_error":null,"is_cause":false,"frames":[{"filename":"/home/airflow/.local/lib/python3.13/site-packages/airflow/dag_processing/importers/python_importer.py","lineno":238,"name":"parse"},{"filename":"<frozen importlib._bootstrap_external>","lineno":1023,"name":"exec_module"},{"filename":"<frozen importlib._bootstrap>","lineno":488,"name":"_call_with_frames_removed"},{"filename":"/opt/airflow/dags/1_first_task.py","lineno":20,"name":"<module>"},{"filename":"/home/airflow/.local/lib/python3.13/site-packages/airflow/sdk/definitions/dag.py","lineno":1696,"name":"factory"},{"filename":"/opt/airflow/dags/1_first_task.py","lineno":17,"name":"first_dag"},{"filename":"/home/airflow/.local/lib/python3.13/site-packages/airflow/sdk/definitions/_internal/mixins.py","lineno":99,"name":"__rshift__"},{"filename":"/home/airflow/.local/lib/python3.13/site-packages/airflow/sdk/definitions/xcom_arg.py","lineno":157,"name":"set_downstream"},{"filename":"/home/airflow/.local/lib/python3.13/site-packages/airflow/sdk/definitions/_internal/node.py","lineno":150,"name":"set_downstream"},{"filename":"/home/airflow/.local/lib/python3.13/site-packages/airflow/sdk/definitions/_internal/node.py","lineno":102,"name":"_set_relatives"}],"is_group":false,"exceptions":[]}]}
{"timestamp":"2026-09-02T14:01:07.495673Z","level":"error","event":"Error loading DAG from 1_first_task.py: 'NoneType' object has no attribute 'update_relative'","logger":"airflow.dag_processing.dagbag.BundleDagBag","filename":"dagbag.py","lineno":319}
{"timestamp":"2026-09-02T14:01:37.833760Z","level":"info","event":"Filling up the DagBag from /opt/airflow/dags/1_first_task.py","logger":"airflow.dag_processing.dagbag.BundleDagBag","filename":"dagbag.py","lineno":460}
{"timestamp":"2026-09-02T14:01:37.905307Z","level":"info","event":"This is my second task","logger":"dag_processor.stdout"}
{"timestamp":"2026-09-02T14:01:37.905298Z","level":"error","event":"Failed to import: /opt/airflow/dags/1_first_task.py","logger":"airflow.dag_processing.importers.python_importer","filename":"python_importer.py","lineno":244,"error_detail":[{"exc_type":"AttributeError","exc_value":"'NoneType' object has no attribute 'update_relative'","exc_notes":[],"syntax_error":null,"is_cause":false,"frames":[{"filename":"/home/airflow/.local/lib/python3.13/site-packages/airflow/dag_processing/importers/python_importer.py","lineno":238,"name":"parse"},{"filename":"<frozen importlib._bootstrap_external>","lineno":1023,"name":"exec_module"},{"filename":"<frozen importlib._bootstrap>","lineno":488,"name":"_call_with_frames_removed"},{"filename":"/opt/airflow/dags/1_first_task.py","lineno":20,"name":"<module>"},{"filename":"/home/airflow/.local/lib/python3.13/site-packages/airflow/sdk/definitions/dag.py","lineno":1696,"name":"factory"},{"filename":"/opt/airflow/dags/1_first_task.py","lineno":17,"name":"first_dag"},{"filename":"/home/airflow/.local/lib/python3.13/site-packages/airflow/sdk/definitions/_internal/mixins.py","lineno":99,"name":"__rshift__"},{"filename":"/home/airflow/.local/lib/python3.13/site-packages/airflow/sdk/definitions/xcom_arg.py","lineno":157,"name":"set_downstream"},{"filename":"/home/airflow/.local/lib/python3.13/site-packages/airflow/sdk/definitions/_internal/node.py","lineno":150,"name":"set_downstream"},{"filename":"/home/airflow/.local/lib/python3.13/site-packages/airflow/sdk/definitions/_internal/node.py","lineno":102,"name":"_set_relatives"}],"is_group":false,"exceptions":[]}]}
{"timestamp":"2026-09-02T14:01:37.907104Z","level":"error","event":"Error loading DAG from 1_first_task.py: 'NoneType' object has no attribute 'update_relative'","logger":"airflow.dag_processing.dagbag.BundleDagBag","filename":"dagbag.py","lineno":319}
{"timestamp":"2026-09-02T14:02:08.242583Z","level":"info","event":"Filling up the DagBag from /opt/airflow/dags/1_first_task.py","logger":"airflow.dag_processing.dagbag.BundleDagBag","filename":"dagbag.py","lineno":460}
{"timestamp":"2026-09-02T14:02:08.281296Z","level":"info","event":"This is my second task","logger":"dag_processor.stdout"}
{"timestamp":"2026-09-02T14:02:08.281271Z","level":"error","event":"Failed to import: /opt/airflow/dags/1_first_task.py","logger":"airflow.dag_processing.importers.python_importer","filename":"python_importer.py","lineno":244,"error_detail":[{"exc_type":"AttributeError","exc_value":"'NoneType' object has no attribute 'update_relative'","exc_notes":[],"syntax_error":null,"is_cause":false,"frames":[{"filename":"/home/airflow/.local/lib/python3.13/site-packages/airflow/dag_processing/importers/python_importer.py","lineno":238,"name":"parse"},{"filename":"<frozen importlib._bootstrap_external>","lineno":1023,"name":"exec_module"},{"filename":"<frozen importlib._bootstrap>","lineno":488,"name":"_call_with_frames_removed"},{"filename":"/opt/airflow/dags/1_first_task.py","lineno":20,"name":"<module>"},{"filename":"/home/airflow/.local/lib/python3.13/site-packages/airflow/sdk/definitions/dag.py","lineno":1696,"name":"factory"},{"filename":"/opt/airflow/dags/1_first_task.py","lineno":17,"name":"first_dag"},{"filename":"/home/airflow/.local/lib/python3.13/site-packages/airflow/sdk/definitions/_internal/mixins.py","lineno":99,"name":"__rshift__"},{"filename":"/home/airflow/.local/lib/python3.13/site-packages/airflow/sdk/definitions/xcom_arg.py","lineno":157,"name":"set_downstream"},{"filename":"/home/airflow/.local/lib/python3.13/site-packages/airflow/sdk/definitions/_internal/node.py","lineno":150,"name":"set_downstream"},{"filename":"/home/airflow/.local/lib/python3.13/site-packages/airflow/sdk/definitions/_internal/node.py","lineno":102,"name":"_set_relatives"}],"is_group":false,"exceptions":[]}]}
{"timestamp":"2026-09-02T14:02:08.282787Z","level":"error","event":"Error loading DAG from 1_first_task.py: 'NoneType' object has no attribute 'update_relative'","logger":"airflow.dag_processing.dagbag.BundleDagBag","filename":"dagbag.py","lineno":319}
{"timestamp":"2026-09-02T14:02:38.601829Z","level":"info","event":"Filling up the DagBag from /opt/airflow/dags/1_first_task.py","logger":"airflow.dag_processing.dagbag.BundleDagBag","filename":"dagbag.py","lineno":460}
{"timestamp":"2026-09-02T14:02:38.641973Z","level":"info","event":"This is my second task","logger":"dag_processor.stdout"}
{"timestamp":"2026-09-02T14:02:38.641925Z","level":"error","event":"Failed to import: /opt/airflow/dags/1_first_task.py","logger":"airflow.dag_processing.importers.python_importer","filename":"python_importer.py","lineno":244,"error_detail":[{"exc_type":"AttributeError","exc_value":"'NoneType' object has no attribute 'update_relative'","exc_notes":[],"syntax_error":null,"is_cause":false,"frames":[{"filename":"/home/airflow/.local/lib/python3.13/site-packages/airflow/dag_processing/importers/python_importer.py","lineno":238,"name":"parse"},{"filename":"<frozen importlib._bootstrap_external>","lineno":1023,"name":"exec_module"},{"filename":"<frozen importlib._bootstrap>","lineno":488,"name":"_call_with_frames_removed"},{"filename":"/opt/airflow/dags/1_first_task.py","lineno":20,"name":"<module>"},{"filename":"/home/airflow/.local/lib/python3.13/site-packages/airflow/sdk/definitions/dag.py","lineno":1696,"name":"factory"},{"filename":"/opt/airflow/dags/1_first_task.py","lineno":17,"name":"first_dag"},{"filename":"/home/airflow/.local/lib/python3.13/site-packages/airflow/sdk/definitions/_internal/mixins.py","lineno":99,"name":"__rshift__"},{"filename":"/home/airflow/.local/lib/python3.13/site-packages/airflow/sdk/definitions/xcom_arg.py","lineno":157,"name":"set_downstream"},{"filename":"/home/airflow/.local/lib/python3.13/site-packages/airflow/sdk/definitions/_internal/node.py","lineno":150,"name":"set_downstream"},{"filename":"/home/airflow/.local/lib/python3.13/site-packages/airflow/sdk/definitions/_internal/node.py","lineno":102,"name":"_set_relatives"}],"is_group":false,"exceptions":[]}]}
{"timestamp":"2026-09-02T14:02:38.643724Z","level":"error","event":"Error loading DAG from 1_first_task.py: 'NoneType' object has no attribute 'update_relative'","logger":"airflow.dag_processing.dagbag.BundleDagBag","filename":"dagbag.py","lineno":319}
{"timestamp":"2026-09-02T14:03:08.974688Z","level":"info","event":"Filling up the DagBag from /opt/airflow/dags/1_first_task.py","logger":"airflow.dag_processing.dagbag.BundleDagBag","filename":"dagbag.py","lineno":460}
{"timestamp":"2026-09-02T14:03:09.015891Z","level":"info","event":"This is my second task","logger":"dag_processor.stdout"}
{"timestamp":"2026-09-02T14:03:09.015849Z","level":"error","event":"Failed to import: /opt/airflow/dags/1_first_task.py","logger":"airflow.dag_processing.importers.python_importer","filename":"python_importer.py","lineno":244,"error_detail":[{"exc_type":"AttributeError","exc_value":"'NoneType' object has no attribute 'update_relative'","exc_notes":[],"syntax_error":null,"is_cause":false,"frames":[{"filename":"/home/airflow/.local/lib/python3.13/site-packages/airflow/dag_processing/importers/python_importer.py","lineno":238,"name":"parse"},{"filename":"<frozen importlib._bootstrap_external>","lineno":1023,"name":"exec_module"},{"filename":"<frozen importlib._bootstrap>","lineno":488,"name":"_call_with_frames_removed"},{"filename":"/opt/airflow/dags/1_first_task.py","lineno":20,"name":"<module>"},{"filename":"/home/airflow/.local/lib/python3.13/site-packages/airflow/sdk/definitions/dag.py","lineno":1696,"name":"factory"},{"filename":"/opt/airflow/dags/1_first_task.py","lineno":17,"name":"first_dag"},{"filename":"/home/airflow/.local/lib/python3.13/site-packages/airflow/sdk/definitions/_internal/mixins.py","lineno":99,"name":"__rshift__"},{"filename":"/home/airflow/.local/lib/python3.13/site-packages/airflow/sdk/definitions/xcom_arg.py","lineno":157,"name":"set_downstream"},{"filename":"/home/airflow/.local/lib/python3.13/site-packages/airflow/sdk/definitions/_internal/node.py","lineno":150,"name":"set_downstream"},{"filename":"/home/airflow/.local/lib/python3.13/site-packages/airflow/sdk/definitions/_internal/node.py","lineno":102,"name":"_set_relatives"}],"is_group":false,"exceptions":[]}]}
{"timestamp":"2026-09-02T14:03:09.017427Z","level":"error","event":"Error loading DAG from 1_first_task.py: 'NoneType' object has no attribute 'update_relative'","logger":"airflow.dag_processing.dagbag.BundleDagBag","filename":"dagbag.py","lineno":319}
{"timestamp":"2026-09-02T14:03:39.384316Z","level":"info","event":"Filling up the DagBag from /opt/airflow/dags/1_first_task.py","logger":"airflow.dag_processing.dagbag.BundleDagBag","filename":"dagbag.py","lineno":460}
{"timestamp":"2026-09-02T14:03:39.445295Z","level":"info","event":"This is my second task","logger":"dag_processor.stdout"}
{"timestamp":"2026-09-02T14:03:39.445761Z","level":"error","event":"Failed to import: /opt/airflow/dags/1_first_task.py","logger":"airflow.dag_processing.importers.python_importer","filename":"python_importer.py","lineno":244,"error_detail":[{"exc_type":"AttributeError","exc_value":"'NoneType' object has no attribute 'update_relative'","exc_notes":[],"syntax_error":null,"is_cause":false,"frames":[{"filename":"/home/airflow/.local/lib/python3.13/site-packages/airflow/dag_processing/importers/python_importer.py","lineno":238,"name":"parse"},{"filename":"<frozen importlib._bootstrap_external>","lineno":1023,"name":"exec_module"},{"filename":"<frozen importlib._bootstrap>","lineno":488,"name":"_call_with_frames_removed"},{"filename":"/opt/airflow/dags/1_first_task.py","lineno":20,"name":"<module>"},{"filename":"/home/airflow/.local/lib/python3.13/site-packages/airflow/sdk/definitions/dag.py","lineno":1696,"name":"factory"},{"filename":"/opt/airflow/dags/1_first_task.py","lineno":17,"name":"first_dag"},{"filename":"/home/airflow/.local/lib/python3.13/site-packages/airflow/sdk/definitions/_internal/mixins.py","lineno":99,"name":"__rshift__"},{"filename":"/home/airflow/.local/lib/python3.13/site-packages/airflow/sdk/definitions/xcom_arg.py","lineno":157,"name":"set_downstream"},{"filename":"/home/airflow/.local/lib/python3.13/site-packages/airflow/sdk/definitions/_internal/node.py","lineno":150,"name":"set_downstream"},{"filename":"/home/airflow/.local/lib/python3.13/site-packages/airflow/sdk/definitions/_internal/node.py","lineno":102,"name":"_set_relatives"}],"is_group":false,"exceptions":[]}]}
{"timestamp":"2026-09-02T14:03:39.448176Z","level":"error","event":"Error loading DAG from 1_first_task.py: 'NoneType' object has no attribute 'update_relative'","logger":"airflow.dag_processing.dagbag.BundleDagBag","filename":"dagbag.py","lineno":319}
{"timestamp":"2026-09-02T14:04:09.808427Z","level":"info","event":"Filling up the DagBag from /opt/airflow/dags/1_first_task.py","logger":"airflow.dag_processing.dagbag.BundleDagBag","filename":"dagbag.py","lineno":460}
{"timestamp":"2026-09-02T14:04:09.881895Z","level":"info","event":"This is my second task","logger":"dag_processor.stdout"}
{"timestamp":"2026-09-02T14:04:09.882115Z","level":"error","event":"Failed to import: /opt/airflow/dags/1_first_task.py","logger":"airflow.dag_processing.importers.python_importer","filename":"python_importer.py","lineno":244,"error_detail":[{"exc_type":"AttributeError","exc_value":"'NoneType' object has no attribute 'update_relative'","exc_notes":[],"syntax_error":null,"is_cause":false,"frames":[{"filename":"/home/airflow/.local/lib/python3.13/site-packages/airflow/dag_processing/importers/python_importer.py","lineno":238,"name":"parse"},{"filename":"<frozen importlib._bootstrap_external>","lineno":1023,"name":"exec_module"},{"filename":"<frozen importlib._bootstrap>","lineno":488,"name":"_call_with_frames_removed"},{"filename":"/opt/airflow/dags/1_first_task.py","lineno":20,"name":"<module>"},{"filename":"/home/airflow/.local/lib/python3.13/site-packages/airflow/sdk/definitions/dag.py","lineno":1696,"name":"factory"},{"filename":"/opt/airflow/dags/1_first_task.py","lineno":17,"name":"first_dag"},{"filename":"/home/airflow/.local/lib/python3.13/site-packages/airflow/sdk/definitions/_internal/mixins.py","lineno":99,"name":"__rshift__"},{"filename":"/home/airflow/.local/lib/python3.13/site-packages/airflow/sdk/definitions/xcom_arg.py","lineno":157,"name":"set_downstream"},{"filename":"/home/airflow/.local/lib/python3.13/site-packages/airflow/sdk/definitions/_internal/node.py","lineno":150,"name":"set_downstream"},{"filename":"/home/airflow/.local/lib/python3.13/site-packages/airflow/sdk/definitions/_internal/node.py","lineno":102,"name":"_set_relatives"}],"is_group":false,"exceptions":[]}]}
{"timestamp":"2026-09-02T14:04:09.884697Z","level":"error","event":"Error loading DAG from 1_first_task.py: 'NoneType' object has no attribute 'update_relative'","logger":"airflow.dag_processing.dagbag.BundleDagBag","filename":"dagbag.py","lineno":319}
{"timestamp":"2026-09-02T14:04:30.176499Z","level":"info","event":"Filling up the DagBag from /opt/airflow/dags/1_first_task.py","logger":"airflow.dag_processing.dagbag.BundleDagBag","filename":"dagbag.py","lineno":460}
{"timestamp":"2026-09-02T14:05:00.850021Z","level":"info","event":"Filling up the DagBag from /opt/airflow/dags/1_first_task.py","logger":"airflow.dag_processing.dagbag.BundleDagBag","filename":"dagbag.py","lineno":460}
{"timestamp":"2026-09-02T14:05:31.290530Z","level":"info","event":"Filling up the DagBag from /opt/airflow/dags/1_first_task.py","logger":"airflow.dag_processing.dagbag.BundleDagBag","filename":"dagbag.py","lineno":460}
{"timestamp":"2026-09-02T14:06:01.690626Z","level":"info","event":"Filling up the DagBag from /opt/airflow/dags/1_first_task.py","logger":"airflow.dag_processing.dagbag.BundleDagBag","filename":"dagbag.py","lineno":460}
{"timestamp":"2026-09-02T14:06:32.088129Z","level":"info","event":"Filling up the DagBag from /opt/airflow/dags/1_first_task.py","logger":"airflow.dag_processing.dagbag.BundleDagBag","filename":"dagbag.py","lineno":460}
{"timestamp":"2026-09-02T14:07:02.478271Z","level":"info","event":"Filling up the DagBag from /opt/airflow/dags/1_first_task.py","logger":"airflow.dag_processing.dagbag.BundleDagBag","filename":"dagbag.py","lineno":460}
{"timestamp":"2026-09-02T14:07:32.911264Z","level":"info","event":"Filling up the DagBag from /opt/airflow/dags/1_first_task.py","logger":"airflow.dag_processing.dagbag.BundleDagBag","filename":"dagbag.py","lineno":460}
{"timestamp":"2026-09-02T14:08:03.302646Z","level":"info","event":"Filling up the DagBag from /opt/airflow/dags/1_first_task.py","logger":"airflow.dag_processing.dagbag.BundleDagBag","filename":"dagbag.py","lineno":460}
{"timestamp":"2026-09-02T14:08:33.701526Z","level":"info","event":"Filling up the DagBag from /opt/airflow/dags/1_first_task.py","logger":"airflow.dag_processing.dagbag.BundleDagBag","filename":"dagbag.py","lineno":460}
{"timestamp":"2026-09-02T14:09:04.102233Z","level":"info","event":"Filling up the DagBag from /opt/airflow/dags/1_first_task.py","logger":"airflow.dag_processing.dagbag.BundleDagBag","filename":"dagbag.py","lineno":460}
{"timestamp":"2026-09-02T14:09:34.505518Z","level":"info","event":"Filling up the DagBag from /opt/airflow/dags/1_first_task.py","logger":"airflow.dag_processing.dagbag.BundleDagBag","filename":"dagbag.py","lineno":460}
{"timestamp":"2026-09-02T14:10:04.886548Z","level":"info","event":"Filling up the DagBag from /opt/airflow/dags/1_first_task.py","logger":"airflow.dag_processing.dagbag.BundleDagBag","filename":"dagbag.py","lineno":460}
{"timestamp":"2026-09-02T14:10:35.321080Z","level":"info","event":"Filling up the DagBag from /opt/airflow/dags/1_first_task.py","logger":"airflow.dag_processing.dagbag.BundleDagBag","filename":"dagbag.py","lineno":460}
{"timestamp":"2026-09-02T14:11:05.721022Z","level":"info","event":"Filling up the DagBag from /opt/airflow/dags/1_first_task.py","logger":"airflow.dag_processing.dagbag.BundleDagBag","filename":"dagbag.py","lineno":460}
{"timestamp":"2026-09-02T14:11:36.149137Z","level":"info","event":"Filling up the DagBag from /opt/airflow/dags/1_first_task.py","logger":"airflow.dag_processing.dagbag.BundleDagBag","filename":"dagbag.py","lineno":460}
{"timestamp":"2026-09-02T14:12:06.547706Z","level":"info","event":"Filling up the DagBag from /opt/airflow/dags/1_first_task.py","logger":"airflow.dag_processing.dagbag.BundleDagBag","filename":"dagbag.py","lineno":460}
{"timestamp":"2026-09-02T14:12:36.920587Z","level":"info","event":"Filling up the DagBag from /opt/airflow/dags/1_first_task.py","logger":"airflow.dag_processing.dagbag.BundleDagBag","filename":"dagbag.py","lineno":460}
{"timestamp":"2026-09-02T14:13:07.294244Z","level":"info","event":"Filling up the DagBag from /opt/airflow/dags/1_first_task.py","logger":"airflow.dag_processing.dagbag.BundleDagBag","filename":"dagbag.py","lineno":460}
{"timestamp":"2026-09-02T14:13:37.727313Z","level":"info","event":"Filling up the DagBag from /opt/airflow/dags/1_first_task.py","logger":"airflow.dag_processing.dagbag.BundleDagBag","filename":"dagbag.py","lineno":460}
{"timestamp":"2026-09-02T14:14:08.118482Z","level":"info","event":"Filling up the DagBag from /opt/airflow/dags/1_first_task.py","logger":"airflow.dag_processing.dagbag.BundleDagBag","filename":"dagbag.py","lineno":460}
{"timestamp":"2026-09-02T14:14:38.546751Z","level":"info","event":"Filling up the DagBag from /opt/airflow/dags/1_first_task.py","logger":"airflow.dag_processing.dagbag.BundleDagBag","filename":"dagbag.py","lineno":460}
{"timestamp":"2026-09-02T14:15:08.937733Z","level":"info","event":"Filling up the DagBag from /opt/airflow/dags/1_first_task.py","logger":"airflow.dag_processing.dagbag.BundleDagBag","filename":"dagbag.py","lineno":460}
{"timestamp":"2026-09-02T14:15:39.339622Z","level":"info","event":"Filling up the DagBag from /opt/airflow/dags/1_first_task.py","logger":"airflow.dag_processing.dagbag.BundleDagBag","filename":"dagbag.py","lineno":460}
{"timestamp":"2026-09-02T14:16:09.737188Z","level":"info","event":"Filling up the DagBag from /opt/airflow/dags/1_first_task.py","logger":"airflow.dag_processing.dagbag.BundleDagBag","filename":"dagbag.py","lineno":460}
{"timestamp":"2026-09-02T14:16:40.132690Z","level":"info","event":"Filling up the DagBag from /opt/airflow/dags/1_first_task.py","logger":"airflow.dag_processing.dagbag.BundleDagBag","filename":"dagbag.py","lineno":460}
{"timestamp":"2026-09-02T14:17:10.587259Z","level":"info","event":"Filling up the DagBag from /opt/airflow/dags/1_first_task.py","logger":"airflow.dag_processing.dagbag.BundleDagBag","filename":"dagbag.py","lineno":460}
{"timestamp":"2026-09-02T14:17:41.041113Z","level":"info","event":"Filling up the DagBag from /opt/airflow/dags/1_first_task.py","logger":"airflow.dag_processing.dagbag.BundleDagBag","filename":"dagbag.py","lineno":460}
{"timestamp":"2026-09-02T14:18:11.452872Z","level":"info","event":"Filling up the DagBag from /opt/airflow/dags/1_first_task.py","logger":"airflow.dag_processing.dagbag.BundleDagBag","filename":"dagbag.py","lineno":460}
{"timestamp":"2026-09-02T14:18:41.875192Z","level":"info","event":"Filling up the DagBag from /opt/airflow/dags/1_first_task.py","logger":"airflow.dag_processing.dagbag.BundleDagBag","filename":"dagbag.py","lineno":460}
{"timestamp":"2026-09-02T14:19:12.321190Z","level":"info","event":"Filling up the DagBag from /opt/airflow/dags/1_first_task.py","logger":"airflow.dag_processing.dagbag.BundleDagBag","filename":"dagbag.py","lineno":460}
{"timestamp":"2026-09-02T14:19:42.754252Z","level":"info","event":"Filling up the DagBag from /opt/airflow/dags/1_first_task.py","logger":"airflow.dag_processing.dagbag.BundleDagBag","filename":"dagbag.py","lineno":460}
{"timestamp":"2026-09-02T14:20:13.157879Z","level":"info","event":"Filling up the DagBag from /opt/airflow/dags/1_first_task.py","logger":"airflow.dag_processing.dagbag.BundleDagBag","filename":"dagbag.py","lineno":460}
{"timestamp":"2026-09-02T14:20:43.549237Z","level":"info","event":"Filling up the DagBag from /opt/airflow/dags/1_first_task.py","logger":"airflow.dag_processing.dagbag.BundleDagBag","filename":"dagbag.py","lineno":460}
{"timestamp":"2026-09-02T14:21:13.926473Z","level":"info","event":"Filling up the DagBag from /opt/airflow/dags/1_first_task.py","logger":"airflow.dag_processing.dagbag.BundleDagBag","filename":"dagbag.py","lineno":460}
{"timestamp":"2026-09-02T14:21:44.343686Z","level":"info","event":"Filling up the DagBag from /opt/airflow/dags/1_first_task.py","logger":"airflow.dag_processing.dagbag.BundleDagBag","filename":"dagbag.py","lineno":460}
{"timestamp":"2026-09-02T14:22:14.747673Z","level":"info","event":"Filling up the DagBag from /opt/airflow/dags/1_first_task.py","logger":"airflow.dag_processing.dagbag.BundleDagBag","filename":"dagbag.py","lineno":460}
{"timestamp":"2026-09-02T14:22:45.185112Z","level":"info","event":"Filling up the DagBag from /opt/airflow/dags/1_first_task.py","logger":"airflow.dag_processing.dagbag.BundleDagBag","filename":"dagbag.py","lineno":460}
{"timestamp":"2026-09-02T14:23:15.680093Z","level":"info","event":"Filling up the DagBag from /opt/airflow/dags/1_first_task.py","logger":"airflow.dag_processing.dagbag.BundleDagBag","filename":"dagbag.py","lineno":460}
{"timestamp":"2026-09-02T14:23:46.047626Z","level":"info","event":"Filling up the DagBag from /opt/airflow/dags/1_first_task.py","logger":"airflow.dag_processing.dagbag.BundleDagBag","filename":"dagbag.py","lineno":460}
{"timestamp":"2026-09-02T14:24:16.431303Z","level":"info","event":"Filling up the DagBag from /opt/airflow/dags/1_first_task.py","logger":"airflow.dag_processing.dagbag.BundleDagBag","filename":"dagbag.py","lineno":460}
{"timestamp":"2026-09-02T14:24:46.855028Z","level":"info","event":"Filling up the DagBag from /opt/airflow/dags/1_first_task.py","logger":"airflow.dag_processing.dagbag.BundleDagBag","filename":"dagbag.py","lineno":460}
{"timestamp":"2026-09-02T14:25:17.262615Z","level":"info","event":"Filling up the DagBag from /opt/airflow/dags/1_first_task.py","logger":"airflow.dag_processing.dagbag.BundleDagBag","filename":"dagbag.py","lineno":460}
{"timestamp":"2026-09-02T14:25:47.656778Z","level":"info","event":"Filling up the DagBag from /opt/airflow/dags/1_first_task.py","logger":"airflow.dag_processing.dagbag.BundleDagBag","filename":"dagbag.py","lineno":460}
{"timestamp":"2026-09-02T14:26:18.026043Z","level":"info","event":"Filling up the DagBag from /opt/airflow/dags/1_first_task.py","logger":"airflow.dag_processing.dagbag.BundleDagBag","filename":"dagbag.py","lineno":460}
{"timestamp":"2026-09-02T14:26:48.419479Z","level":"info","event":"Filling up the DagBag from /opt/airflow/dags/1_first_task.py","logger":"airflow.dag_processing.dagbag.BundleDagBag","filename":"dagbag.py","lineno":460}
{"timestamp":"2026-09-02T14:27:18.820123Z","level":"info","event":"Filling up the DagBag from /opt/airflow/dags/1_first_task.py","logger":"airflow.dag_processing.dagbag.BundleDagBag","filename":"dagbag.py","lineno":460}
{"timestamp":"2026-09-02T14:27:49.237948Z","level":"info","event":"Filling up the DagBag from /opt/airflow/dags/1_first_task.py","logger":"airflow.dag_processing.dagbag.BundleDagBag","filename":"dagbag.py","lineno":460}
{"timestamp":"2026-09-02T14:28:19.644830Z","level":"info","event":"Filling up the DagBag from /opt/airflow/dags/1_first_task.py","logger":"airflow.dag_processing.dagbag.BundleDagBag","filename":"dagbag.py","lineno":460}
{"timestamp":"2026-09-02T14:28:50.064002Z","level":"info","event":"Filling up the DagBag from /opt/airflow/dags/1_first_task.py","logger":"airflow.dag_processing.dagbag.BundleDagBag","filename":"dagbag.py","lineno":460}
{"timestamp":"2026-09-02T14:29:20.468702Z","level":"info","event":"Filling up the DagBag from /opt/airflow/dags/1_first_task.py","logger":"airflow.dag_processing.dagbag.BundleDagBag","filename":"dagbag.py","lineno":460}
{"timestamp":"2026-09-02T14:29:50.854674Z","level":"info","event":"Filling up the DagBag from /opt/airflow/dags/1_first_task.py","logger":"airflow.dag_processing.dagbag.BundleDagBag","filename":"dagbag.py","lineno":460}
{"timestamp":"2026-09-02T14:30:21.277842Z","level":"info","event":"Filling up the DagBag from /opt/airflow/dags/1_first_task.py","logger":"airflow.dag_processing.dagbag.BundleDagBag","filename":"dagbag.py","lineno":460}
{"timestamp":"2026-09-02T14:30:51.708547Z","level":"info","event":"Filling up the DagBag from /opt/airflow/dags/1_first_task.py","logger":"airflow.dag_processing.dagbag.BundleDagBag","filename":"dagbag.py","lineno":460}
{"timestamp":"2026-09-02T14:31:22.131679Z","level":"info","event":"Filling up the DagBag from /opt/airflow/dags/1_first_task.py","logger":"airflow.dag_processing.dagbag.BundleDagBag","filename":"dagbag.py","lineno":460}
{"timestamp":"2026-09-02T14:31:52.560384Z","level":"info","event":"Filling up the DagBag from /opt/airflow/dags/1_first_task.py","logger":"airflow.dag_processing.dagbag.BundleDagBag","filename":"dagbag.py","lineno":460}
{"timestamp":"2026-09-02T14:32:22.972526Z","level":"info","event":"Filling up the DagBag from /opt/airflow/dags/1_first_task.py","logger":"airflow.dag_processing.dagbag.BundleDagBag","filename":"dagbag.py","lineno":460}
{"timestamp":"2026-09-02T14:32:53.371199Z","level":"info","event":"Filling up the DagBag from /opt/airflow/dags/1_first_task.py","logger":"airflow.dag_processing.dagbag.BundleDagBag","filename":"dagbag.py","lineno":460}
{"timestamp":"2026-09-02T14:33:23.793145Z","level":"info","event":"Filling up the DagBag from /opt/airflow/dags/1_first_task.py","logger":"airflow.dag_processing.dagbag.BundleDagBag","filename":"dagbag.py","lineno":460}
{"timestamp":"2026-09-02T14:33:54.194995Z","level":"info","event":"Filling up the DagBag from /opt/airflow/dags/1_first_task.py","logger":"airflow.dag_processing.dagbag.BundleDagBag","filename":"dagbag.py","lineno":460}
{"timestamp":"2026-09-02T14:34:24.634638Z","level":"info","event":"Filling up the DagBag from /opt/airflow/dags/1_first_task.py","logger":"airflow.dag_processing.dagbag.BundleDagBag","filename":"dagbag.py","lineno":460}
{"timestamp":"2026-09-02T14:34:55.047808Z","level":"info","event":"Filling up the DagBag from /opt/airflow/dags/1_first_task.py","logger":"airflow.dag_processing.dagbag.BundleDagBag","filename":"dagbag.py","lineno":460}
{"timestamp":"2026-09-02T14:35:25.470516Z","level":"info","event":"Filling up the DagBag from /opt/airflow/dags/1_first_task.py","logger":"airflow.dag_processing.dagbag.BundleDagBag","filename":"dagbag.py","lineno":460}
{"timestamp":"2026-09-02T14:35:55.946521Z","level":"info","event":"Filling up the DagBag from /opt/airflow/dags/1_first_task.py","logger":"airflow.dag_processing.dagbag.BundleDagBag","filename":"dagbag.py","lineno":460}
{"timestamp":"2026-09-02T14:36:26.332590Z","level":"info","event":"Filling up the DagBag from /opt/airflow/dags/1_first_task.py","logger":"airflow.dag_processing.dagbag.BundleDagBag","filename":"dagbag.py","lineno":460}
{"timestamp":"2026-09-02T14:36:56.791212Z","level":"info","event":"Filling up the DagBag from /opt/airflow/dags/1_first_task.py","logger":"airflow.dag_processing.dagbag.BundleDagBag","filename":"dagbag.py","lineno":460}
{"timestamp":"2026-09-02T14:37:27.223696Z","level":"info","event":"Filling up the DagBag from /opt/airflow/dags/1_first_task.py","logger":"airflow.dag_processing.dagbag.BundleDagBag","filename":"dagbag.py","lineno":460}
{"timestamp":"2026-09-02T14:37:57.695414Z","level":"info","event":"Filling up the DagBag from /opt/airflow/dags/1_first_task.py","logger":"airflow.dag_processing.dagbag.BundleDagBag","filename":"dagbag.py","lineno":460}
{"timestamp":"2026-09-02T14:38:28.178352Z","level":"info","event":"Filling up the DagBag from /opt/airflow/dags/1_first_task.py","logger":"airflow.dag_processing.dagbag.BundleDagBag","filename":"dagbag.py","lineno":460}
{"timestamp":"2026-09-02T14:38:58.568322Z","level":"info","event":"Filling up the DagBag from /opt/airflow/dags/1_first_task.py","logger":"airflow.dag_processing.dagbag.BundleDagBag","filename":"dagbag.py","lineno":460}
{"timestamp":"2026-09-02T14:39:29.004105Z","level":"info","event":"Filling up the DagBag from /opt/airflow/dags/1_first_task.py","logger":"airflow.dag_processing.dagbag.BundleDagBag","filename":"dagbag.py","lineno":460}
{"timestamp":"2026-09-02T14:39:59.439510Z","level":"info","event":"Filling up the DagBag from /opt/airflow/dags/1_first_task.py","logger":"airflow.dag_processing.dagbag.BundleDagBag","filename":"dagbag.py","lineno":460}
{"timestamp":"2026-09-02T14:40:29.864733Z","level":"info","event":"Filling up the DagBag from /opt/airflow/dags/1_first_task.py","logger":"airflow.dag_processing.dagbag.BundleDagBag","filename":"dagbag.py","lineno":460}
{"timestamp":"2026-09-02T14:41:00.278384Z","level":"info","event":"Filling up the DagBag from /opt/airflow/dags/1_first_task.py","logger":"airflow.dag_processing.dagbag.BundleDagBag","filename":"dagbag.py","lineno":460}
{"timestamp":"2026-09-02T14:41:30.709460Z","level":"info","event":"Filling up the DagBag from /opt/airflow/dags/1_first_task.py","logger":"airflow.dag_processing.dagbag.BundleDagBag","filename":"dagbag.py","lineno":460}
{"timestamp":"2026-09-02T14:42:01.147305Z","level":"info","event":"Filling up the DagBag from /opt/airflow/dags/1_first_task.py","logger":"airflow.dag_processing.dagbag.BundleDagBag","filename":"dagbag.py","lineno":460}
{"timestamp":"2026-09-02T14:42:31.527833Z","level":"info","event":"Filling up the DagBag from /opt/airflow/dags/1_first_task.py","logger":"airflow.dag_processing.dagbag.BundleDagBag","filename":"dagbag.py","lineno":460}
{"timestamp":"2026-09-02T14:43:01.949210Z","level":"info","event":"Filling up the DagBag from /opt/airflow/dags/1_first_task.py","logger":"airflow.dag_processing.dagbag.BundleDagBag","filename":"dagbag.py","lineno":460}
{"timestamp":"2026-09-02T14:43:32.369073Z","level":"info","event":"Filling up the DagBag from /opt/airflow/dags/1_first_task.py","logger":"airflow.dag_processing.dagbag.BundleDagBag","filename":"dagbag.py","lineno":460}
{"timestamp":"2026-09-02T14:44:02.754672Z","level":"info","event":"Filling up the DagBag from /opt/airflow/dags/1_first_task.py","logger":"airflow.dag_processing.dagbag.BundleDagBag","filename":"dagbag.py","lineno":460}
{"timestamp":"2026-09-02T14:44:33.173646Z","level":"info","event":"Filling up the DagBag from /opt/airflow/dags/1_first_task.py","logger":"airflow.dag_processing.dagbag.BundleDagBag","filename":"dagbag.py","lineno":460}
{"timestamp":"2026-09-02T14:45:03.605354Z","level":"info","event":"Filling up the DagBag from /opt/airflow/dags/1_first_task.py","logger":"airflow.dag_processing.dagbag.BundleDagBag","filename":"dagbag.py","lineno":460}
{"timestamp":"2026-09-02T14:45:34.025817Z","level":"info","event":"Filling up the DagBag from /opt/airflow/dags/1_first_task.py","logger":"airflow.dag_processing.dagbag.BundleDagBag","filename":"dagbag.py","lineno":460}
{"timestamp":"2026-09-02T14:46:04.444464Z","level":"info","event":"Filling up the DagBag from /opt/airflow/dags/1_first_task.py","logger":"airflow.dag_processing.dagbag.BundleDagBag","filename":"dagbag.py","lineno":460}
{"timestamp":"2026-09-02T14:46:34.873037Z","level":"info","event":"Filling up the DagBag from /opt/airflow/dags/1_first_task.py","logger":"airflow.dag_processing.dagbag.BundleDagBag","filename":"dagbag.py","lineno":460}
{"timestamp":"2026-09-02T14:47:05.319654Z","level":"info","event":"Filling up the DagBag from /opt/airflow/dags/1_first_task.py","logger":"airflow.dag_processing.dagbag.BundleDagBag","filename":"dagbag.py","lineno":460}
{"timestamp":"2026-09-02T14:47:35.712347Z","level":"info","event":"Filling up the DagBag from /opt/airflow/dags/1_first_task.py","logger":"airflow.dag_processing.dagbag.BundleDagBag","filename":"dagbag.py","lineno":460}
{"timestamp":"2026-09-02T14:48:06.118227Z","level":"info","event":"Filling up the DagBag from /opt/airflow/dags/1_first_task.py","logger":"airflow.dag_processing.dagbag.BundleDagBag","filename":"dagbag.py","lineno":460}
{"timestamp":"2026-09-02T14:48:36.538558Z","level":"info","event":"Filling up the DagBag from /opt/airflow/dags/1_first_task.py","logger":"airflow.dag_processing.dagbag.BundleDagBag","filename":"dagbag.py","lineno":460}
{"timestamp":"2026-09-02T14:49:06.985123Z","level":"info","event":"Filling up the DagBag from /opt/airflow/dags/1_first_task.py","logger":"airflow.dag_processing.dagbag.BundleDagBag","filename":"dagbag.py","lineno":460}
{"timestamp":"2026-09-02T14:49:37.387951Z","level":"info","event":"Filling up the DagBag from /opt/airflow/dags/1_first_task.py","logger":"airflow.dag_processing.dagbag.BundleDagBag","filename":"dagbag.py","lineno":460}
{"timestamp":"2026-09-02T14:50:07.832683Z","level":"info","event":"Filling up the DagBag from /opt/airflow/dags/1_first_task.py","logger":"airflow.dag_processing.dagbag.BundleDagBag","filename":"dagbag.py","lineno":460}
{"timestamp":"2026-09-02T14:50:38.235572Z","level":"info","event":"Filling up the DagBag from /opt/airflow/dags/1_first_task.py","logger":"airflow.dag_processing.dagbag.BundleDagBag","filename":"dagbag.py","lineno":460}
{"timestamp":"2026-09-02T14:51:08.633482Z","level":"info","event":"Filling up the DagBag from /opt/airflow/dags/1_first_task.py","logger":"airflow.dag_processing.dagbag.BundleDagBag","filename":"dagbag.py","lineno":460}
{"timestamp":"2026-09-02T14:51:39.053358Z","level":"info","event":"Filling up the DagBag from /opt/airflow/dags/1_first_task.py","logger":"airflow.dag_processing.dagbag.BundleDagBag","filename":"dagbag.py","lineno":460}
{"timestamp":"2026-09-02T14:52:09.454096Z","level":"info","event":"Filling up the DagBag from /opt/airflow/dags/1_first_task.py","logger":"airflow.dag_processing.dagbag.BundleDagBag","filename":"dagbag.py","lineno":460}
{"timestamp":"2026-09-02T14:52:39.870711Z","level":"info","event":"Filling up the DagBag from /opt/airflow/dags/1_first_task.py","logger":"airflow.dag_processing.dagbag.BundleDagBag","filename":"dagbag.py","lineno":460}
{"timestamp":"2026-09-02T14:53:10.307255Z","level":"info","event":"Filling up the DagBag from /opt/airflow/dags/1_first_task.py","logger":"airflow.dag_processing.dagbag.BundleDagBag","filename":"dagbag.py","lineno":460}
{"timestamp":"2026-09-02T14:53:40.741375Z","level":"info","event":"Filling up the DagBag from /opt/airflow/dags/1_first_task.py","logger":"airflow.dag_processing.dagbag.BundleDagBag","filename":"dagbag.py","lineno":460}
{"timestamp":"2026-09-02T14:54:11.171182Z","level":"info","event":"Filling up the DagBag from /opt/airflow/dags/1_first_task.py","logger":"airflow.dag_processing.dagbag.BundleDagBag","filename":"dagbag.py","lineno":460}
{"timestamp":"2026-09-02T14:54:41.589063Z","level":"info","event":"Filling up the DagBag from /opt/airflow/dags/1_first_task.py","logger":"airflow.dag_processing.dagbag.BundleDagBag","filename":"dagbag.py","lineno":460}
{"timestamp":"2026-09-02T14:55:12.004802Z","level":"info","event":"Filling up the DagBag from /opt/airflow/dags/1_first_task.py","logger":"airflow.dag_processing.dagbag.BundleDagBag","filename":"dagbag.py","lineno":460}
{"timestamp":"2026-09-02T14:55:42.428999Z","level":"info","event":"Filling up the DagBag from /opt/airflow/dags/1_first_task.py","logger":"airflow.dag_processing.dagbag.BundleDagBag","filename":"dagbag.py","lineno":460}
{"timestamp":"2026-09-02T14:56:12.875777Z","level":"info","event":"Filling up the DagBag from /opt/airflow/dags/1_first_task.py","logger":"airflow.dag_processing.dagbag.BundleDagBag","filename":"dagbag.py","lineno":460}
{"timestamp":"2026-09-02T14:56:43.245902Z","level":"info","event":"Filling up the DagBag from /opt/airflow/dags/1_first_task.py","logger":"airflow.dag_processing.dagbag.BundleDagBag","filename":"dagbag.py","lineno":460}
{"timestamp":"2026-09-02T14:57:13.668583Z","level":"info","event":"Filling up the DagBag from /opt/airflow/dags/1_first_task.py","logger":"airflow.dag_processing.dagbag.BundleDagBag","filename":"dagbag.py","lineno":460}
{"timestamp":"2026-09-02T14:57:44.095583Z","level":"info","event":"Filling up the DagBag from /opt/airflow/dags/1_first_task.py","logger":"airflow.dag_processing.dagbag.BundleDagBag","filename":"dagbag.py","lineno":460}
{"timestamp":"2026-09-02T14:58:14.524166Z","level":"info","event":"Filling up the DagBag from /opt/airflow/dags/1_first_task.py","logger":"airflow.dag_processing.dagbag.BundleDagBag","filename":"dagbag.py","lineno":460}
{"timestamp":"2026-09-02T14:58:44.976631Z","level":"info","event":"Filling up the DagBag from /opt/airflow/dags/1_first_task.py","logger":"airflow.dag_processing.dagbag.BundleDagBag","filename":"dagbag.py","lineno":460}
{"timestamp":"2026-09-02T14:59:15.408655Z","level":"info","event":"Filling up the DagBag from /opt/airflow/dags/1_first_task.py","logger":"airflow.dag_processing.dagbag.BundleDagBag","filename":"dagbag.py","lineno":460}
{"timestamp":"2026-09-02T14:59:45.794952Z","level":"info","event":"Filling up the DagBag from /opt/airflow/dags/1_first_task.py","logger":"airflow.dag_processing.dagbag.BundleDagBag","filename":"dagbag.py","lineno":460}
{"timestamp":"2026-09-02T15:00:16.195051Z","level":"info","event":"Filling up the DagBag from /opt/airflow/dags/1_first_task.py","logger":"airflow.dag_processing.dagbag.BundleDagBag","filename":"dagbag.py","lineno":460}
{"timestamp":"2026-09-02T15:00:46.613586Z","level":"info","event":"Filling up the DagBag from /opt/airflow/dags/1_first_task.py","logger":"airflow.dag_processing.dagbag.BundleDagBag","filename":"dagbag.py","lineno":460}
{"timestamp":"2026-09-02T15:01:17.032642Z","level":"info","event":"Filling up the DagBag from /opt/airflow/dags/1_first_task.py","logger":"airflow.dag_processing.dagbag.BundleDagBag","filename":"dagbag.py","lineno":460}
{"timestamp":"2026-09-02T15:01:47.467345Z","level":"info","event":"Filling up the DagBag from /opt/airflow/dags/1_first_task.py","logger":"airflow.dag_processing.dagbag.BundleDagBag","filename":"dagbag.py","lineno":460}
{"timestamp":"2026-09-02T15:02:17.899661Z","level":"info","event":"Filling up the DagBag from /opt/airflow/dags/1_first_task.py","logger":"airflow.dag_processing.dagbag.BundleDagBag","filename":"dagbag.py","lineno":460}
{"timestamp":"2026-09-02T15:02:48.328014Z","level":"info","event":"Filling up the DagBag from /opt/airflow/dags/1_first_task.py","logger":"airflow.dag_processing.dagbag.BundleDagBag","filename":"dagbag.py","lineno":460}
{"timestamp":"2026-09-02T15:03:18.774556Z","level":"info","event":"Filling up the DagBag from /opt/airflow/dags/1_first_task.py","logger":"airflow.dag_processing.dagbag.BundleDagBag","filename":"dagbag.py","lineno":460}
{"timestamp":"2026-09-02T15:03:49.204421Z","level":"info","event":"Filling up the DagBag from /opt/airflow/dags/1_first_task.py","logger":"airflow.dag_processing.dagbag.BundleDagBag","filename":"dagbag.py","lineno":460}
{"timestamp":"2026-09-02T15:04:19.660268Z","level":"info","event":"Filling up the DagBag from /opt/airflow/dags/1_first_task.py","logger":"airflow.dag_processing.dagbag.BundleDagBag","filename":"dagbag.py","lineno":460}
{"timestamp":"2026-09-02T15:04:50.094033Z","level":"info","event":"Filling up the DagBag from /opt/airflow/dags/1_first_task.py","logger":"airflow.dag_processing.dagbag.BundleDagBag","filename":"dagbag.py","lineno":460}
{"timestamp":"2026-09-02T15:05:20.486037Z","level":"info","event":"Filling up the DagBag from /opt/airflow/dags/1_first_task.py","logger":"airflow.dag_processing.dagbag.BundleDagBag","filename":"dagbag.py","lineno":460}
{"timestamp":"2026-09-02T15:05:50.906687Z","level":"info","event":"Filling up the DagBag from /opt/airflow/dags/1_first_task.py","logger":"airflow.dag_processing.dagbag.BundleDagBag","filename":"dagbag.py","lineno":460}
{"timestamp":"2026-09-02T15:06:21.305981Z","level":"info","event":"Filling up the DagBag from /opt/airflow/dags/1_first_task.py","logger":"airflow.dag_processing.dagbag.BundleDagBag","filename":"dagbag.py","lineno":460}
{"timestamp":"2026-09-02T15:06:51.706822Z","level":"info","event":"Filling up the DagBag from /opt/airflow/dags/1_first_task.py","logger":"airflow.dag_processing.dagbag.BundleDagBag","filename":"dagbag.py","lineno":460}
{"timestamp":"2026-09-02T15:07:22.159055Z","level":"info","event":"Filling up the DagBag from /opt/airflow/dags/1_first_task.py","logger":"airflow.dag_processing.dagbag.BundleDagBag","filename":"dagbag.py","lineno":460}
{"timestamp":"2026-09-02T15:07:52.573598Z","level":"info","event":"Filling up the DagBag from /opt/airflow/dags/1_first_task.py","logger":"airflow.dag_processing.dagbag.BundleDagBag","filename":"dagbag.py","lineno":460}
{"timestamp":"2026-09-02T15:08:23.005551Z","level":"info","event":"Filling up the DagBag from /opt/airflow/dags/1_first_task.py","logger":"airflow.dag_processing.dagbag.BundleDagBag","filename":"dagbag.py","lineno":460}
{"timestamp":"2026-09-02T15:08:53.434151Z","level":"info","event":"Filling up the DagBag from /opt/airflow/dags/1_first_task.py","logger":"airflow.dag_processing.dagbag.BundleDagBag","filename":"dagbag.py","lineno":460}
{"timestamp":"2026-09-02T15:09:23.840853Z","level":"info","event":"Filling up the DagBag from /opt/airflow/dags/1_first_task.py","logger":"airflow.dag_processing.dagbag.BundleDagBag","filename":"dagbag.py","lineno":460}
{"timestamp":"2026-09-02T15:09:54.241526Z","level":"info","event":"Filling up the DagBag from /opt/airflow/dags/1_first_task.py","logger":"airflow.dag_processing.dagbag.BundleDagBag","filename":"dagbag.py","lineno":460}
{"timestamp":"2026-09-02T15:10:24.653953Z","level":"info","event":"Filling up the DagBag from /opt/airflow/dags/1_first_task.py","logger":"airflow.dag_processing.dagbag.BundleDagBag","filename":"dagbag.py","lineno":460}
{"timestamp":"2026-09-02T15:10:55.100843Z","level":"info","event":"Filling up the DagBag from /opt/airflow/dags/1_first_task.py","logger":"airflow.dag_processing.dagbag.BundleDagBag","filename":"dagbag.py","lineno":460}
{"timestamp":"2026-09-02T15:11:25.528287Z","level":"info","event":"Filling up the DagBag from /opt/airflow/dags/1_first_task.py","logger":"airflow.dag_processing.dagbag.BundleDagBag","filename":"dagbag.py","lineno":460}
{"timestamp":"2026-09-02T15:11:55.943898Z","level":"info","event":"Filling up the DagBag from /opt/airflow/dags/1_first_task.py","logger":"airflow.dag_processing.dagbag.BundleDagBag","filename":"dagbag.py","lineno":460}
{"timestamp":"2026-09-02T15:12:26.339138Z","level":"info","event":"Filling up the DagBag from /opt/airflow/dags/1_first_task.py","logger":"airflow.dag_processing.dagbag.BundleDagBag","filename":"dagbag.py","lineno":460}
{"timestamp":"2026-09-02T15:12:56.785592Z","level":"info","event":"Filling up the DagBag from /opt/airflow/dags/1_first_task.py","logger":"airflow.dag_processing.dagbag.BundleDagBag","filename":"dagbag.py","lineno":460}
{"timestamp":"2026-09-02T15:13:27.188659Z","level":"info","event":"Filling up the DagBag from /opt/airflow/dags/1_first_task.py","logger":"airflow.dag_processing.dagbag.BundleDagBag","filename":"dagbag.py","lineno":460}
{"timestamp":"2026-09-02T15:13:57.626968Z","level":"info","event":"Filling up the DagBag from /opt/airflow/dags/1_first_task.py","logger":"airflow.dag_processing.dagbag.BundleDagBag","filename":"dagbag.py","lineno":460}
{"timestamp":"2026-09-02T15:14:28.035602Z","level":"info","event":"Filling up the DagBag from /opt/airflow/dags/1_first_task.py","logger":"airflow.dag_processing.dagbag.BundleDagBag","filename":"dagbag.py","lineno":460}
{"timestamp":"2026-09-02T15:14:58.427483Z","level":"info","event":"Filling up the DagBag from /opt/airflow/dags/1_first_task.py","logger":"airflow.dag_processing.dagbag.BundleDagBag","filename":"dagbag.py","lineno":460}
{"timestamp":"2026-09-02T15:15:28.871337Z","level":"info","event":"Filling up the DagBag from /opt/airflow/dags/1_first_task.py","logger":"airflow.dag_processing.dagbag.BundleDagBag","filename":"dagbag.py","lineno":460}
{"timestamp":"2026-09-02T15:15:59.296530Z","level":"info","event":"Filling up the DagBag from /opt/airflow/dags/1_first_task.py","logger":"airflow.dag_processing.dagbag.BundleDagBag","filename":"dagbag.py","lineno":460}
{"timestamp":"2026-09-02T15:16:29.712957Z","level":"info","event":"Filling up the DagBag from /opt/airflow/dags/1_first_task.py","logger":"airflow.dag_processing.dagbag.BundleDagBag","filename":"dagbag.py","lineno":460}
{"timestamp":"2026-09-02T15:17:00.136968Z","level":"info","event":"Filling up the DagBag from /opt/airflow/dags/1_first_task.py","logger":"airflow.dag_processing.dagbag.BundleDagBag","filename":"dagbag.py","lineno":460}
{"timestamp":"2026-09-02T15:17:30.564632Z","level":"info","event":"Filling up the DagBag from /opt/airflow/dags/1_first_task.py","logger":"airflow.dag_processing.dagbag.BundleDagBag","filename":"dagbag.py","lineno":460}
{"timestamp":"2026-09-02T15:18:00.960710Z","level":"info","event":"Filling up the DagBag from /opt/airflow/dags/1_first_task.py","logger":"airflow.dag_processing.dagbag.BundleDagBag","filename":"dagbag.py","lineno":460}
{"timestamp":"2026-09-02T15:18:31.392680Z","level":"info","event":"Filling up the DagBag from /opt/airflow/dags/1_first_task.py","logger":"airflow.dag_processing.dagbag.BundleDagBag","filename":"dagbag.py","lineno":460}
{"timestamp":"2026-09-02T15:19:01.818352Z","level":"info","event":"Filling up the DagBag from /opt/airflow/dags/1_first_task.py","logger":"airflow.dag_processing.dagbag.BundleDagBag","filename":"dagbag.py","lineno":460}
{"timestamp":"2026-09-02T15:19:32.204846Z","level":"info","event":"Filling up the DagBag from /opt/airflow/dags/1_first_task.py","logger":"airflow.dag_processing.dagbag.BundleDagBag","filename":"dagbag.py","lineno":460}
{"timestamp":"2026-09-02T15:20:02.748544Z","level":"info","event":"Filling up the DagBag from /opt/airflow/dags/1_first_task.py","logger":"airflow.dag_processing.dagbag.BundleDagBag","filename":"dagbag.py","lineno":460}
{"timestamp":"2026-09-02T15:20:33.364872Z","level":"info","event":"Filling up the DagBag from /opt/airflow/dags/1_first_task.py","logger":"airflow.dag_processing.dagbag.BundleDagBag","filename":"dagbag.py","lineno":460}
{"timestamp":"2026-09-02T15:21:03.973034Z","level":"info","event":"Filling up the DagBag from /opt/airflow/dags/1_first_task.py","logger":"airflow.dag_processing.dagbag.BundleDagBag","filename":"dagbag.py","lineno":460}
{"timestamp":"2026-09-02T15:21:34.573218Z","level":"info","event":"Filling up the DagBag from /opt/airflow/dags/1_first_task.py","logger":"airflow.dag_processing.dagbag.BundleDagBag","filename":"dagbag.py","lineno":460}
{"timestamp":"2026-09-02T15:22:05.145072Z","level":"info","event":"Filling up the DagBag from /opt/airflow/dags/1_first_task.py","logger":"airflow.dag_processing.dagbag.BundleDagBag","filename":"dagbag.py","lineno":460}
{"timestamp":"2026-09-02T15:22:35.694166Z","level":"info","event":"Filling up the DagBag from /opt/airflow/dags/1_first_task.py","logger":"airflow.dag_processing.dagbag.BundleDagBag","filename":"dagbag.py","lineno":460}
{"timestamp":"2026-09-02T15:23:06.260788Z","level":"info","event":"Filling up the DagBag from /opt/airflow/dags/1_first_task.py","logger":"airflow.dag_processing.dagbag.BundleDagBag","filename":"dagbag.py","lineno":460}
{"timestamp":"2026-09-02T15:23:36.840803Z","level":"info","event":"Filling up the DagBag from /opt/airflow/dags/1_first_task.py","logger":"airflow.dag_processing.dagbag.BundleDagBag","filename":"dagbag.py","lineno":460}
{"timestamp":"2026-09-02T15:24:07.393562Z","level":"info","event":"Filling up the DagBag from /opt/airflow/dags/1_first_task.py","logger":"airflow.dag_processing.dagbag.BundleDagBag","filename":"dagbag.py","lineno":460}
{"timestamp":"2026-09-02T15:24:37.969680Z","level":"info","event":"Filling up the DagBag from /opt/airflow/dags/1_first_task.py","logger":"airflow.dag_processing.dagbag.BundleDagBag","filename":"dagbag.py","lineno":460}
{"timestamp":"2026-09-02T15:25:08.562336Z","level":"info","event":"Filling up the DagBag from /opt/airflow/dags/1_first_task.py","logger":"airflow.dag_processing.dagbag.BundleDagBag","filename":"dagbag.py","lineno":460}
{"timestamp":"2026-09-02T15:25:39.162473Z","level":"info","event":"Filling up the DagBag from /opt/airflow/dags/1_first_task.py","logger":"airflow.dag_processing.dagbag.BundleDagBag","filename":"dagbag.py","lineno":460}
{"timestamp":"2026-09-02T15:26:09.754078Z","level":"info","event":"Filling up the DagBag from /opt/airflow/dags/1_first_task.py","logger":"airflow.dag_processing.dagbag.BundleDagBag","filename":"dagbag.py","lineno":460}
{"timestamp":"2026-09-02T15:26:40.365104Z","level":"info","event":"Filling up the DagBag from /opt/airflow/dags/1_first_task.py","logger":"airflow.dag_processing.dagbag.BundleDagBag","filename":"dagbag.py","lineno":460}
{"timestamp":"2026-09-02T15:27:10.951561Z","level":"info","event":"Filling up the DagBag from /opt/airflow/dags/1_first_task.py","logger":"airflow.dag_processing.dagbag.BundleDagBag","filename":"dagbag.py","lineno":460}
{"timestamp":"2026-09-02T15:27:41.507801Z","level":"info","event":"Filling up the DagBag from /opt/airflow/dags/1_first_task.py","logger":"airflow.dag_processing.dagbag.BundleDagBag","filename":"dagbag.py","lineno":460}
{"timestamp":"2026-09-02T15:28:12.081939Z","level":"info","event":"Filling up the DagBag from /opt/airflow/dags/1_first_task.py","logger":"airflow.dag_processing.dagbag.BundleDagBag","filename":"dagbag.py","lineno":460}
{"timestamp":"2026-09-02T15:28:42.669058Z","level":"info","event":"Filling up the DagBag from /opt/airflow/dags/1_first_task.py","logger":"airflow.dag_processing.dagbag.BundleDagBag","filename":"dagbag.py","lineno":460}
{"timestamp":"2026-09-02T15:29:13.266276Z","level":"info","event":"Filling up the DagBag from /opt/airflow/dags/1_first_task.py","logger":"airflow.dag_processing.dagbag.BundleDagBag","filename":"dagbag.py","lineno":460}
{"timestamp":"2026-09-02T15:29:43.873903Z","level":"info","event":"Filling up the DagBag from /opt/airflow/dags/1_first_task.py","logger":"airflow.dag_processing.dagbag.BundleDagBag","filename":"dagbag.py","lineno":460}
{"timestamp":"2026-09-02T15:30:14.452717Z","level":"info","event":"Filling up the DagBag from /opt/airflow/dags/1_first_task.py","logger":"airflow.dag_processing.dagbag.BundleDagBag","filename":"dagbag.py","lineno":460}
{"timestamp":"2026-09-02T15:30:45.027482Z","level":"info","event":"Filling up the DagBag from /opt/airflow/dags/1_first_task.py","logger":"airflow.dag_processing.dagbag.BundleDagBag","filename":"dagbag.py","lineno":460}
{"timestamp":"2026-09-02T15:31:15.600678Z","level":"info","event":"Filling up the DagBag from /opt/airflow/dags/1_first_task.py","logger":"airflow.dag_processing.dagbag.BundleDagBag","filename":"dagbag.py","lineno":460}
{"timestamp":"2026-09-02T15:31:46.175841Z","level":"info","event":"Filling up the DagBag from /opt/airflow/dags/1_first_task.py","logger":"airflow.dag_processing.dagbag.BundleDagBag","filename":"dagbag.py","lineno":460}
{"timestamp":"2026-09-02T15:32:16.753374Z","level":"info","event":"Filling up the DagBag from /opt/airflow/dags/1_first_task.py","logger":"airflow.dag_processing.dagbag.BundleDagBag","filename":"dagbag.py","lineno":460}
{"timestamp":"2026-09-02T15:32:47.319225Z","level":"info","event":"Filling up the DagBag from /opt/airflow/dags/1_first_task.py","logger":"airflow.dag_processing.dagbag.BundleDagBag","filename":"dagbag.py","lineno":460}
{"timestamp":"2026-09-02T15:33:17.912882Z","level":"info","event":"Filling up the DagBag from /opt/airflow/dags/1_first_task.py","logger":"airflow.dag_processing.dagbag.BundleDagBag","filename":"dagbag.py","lineno":460}
{"timestamp":"2026-09-02T15:33:48.498909Z","level":"info","event":"Filling up the DagBag from /opt/airflow/dags/1_first_task.py","logger":"airflow.dag_processing.dagbag.BundleDagBag","filename":"dagbag.py","lineno":460}
{"timestamp":"2026-09-02T15:34:19.097408Z","level":"info","event":"Filling up the DagBag from /opt/airflow/dags/1_first_task.py","logger":"airflow.dag_processing.dagbag.BundleDagBag","filename":"dagbag.py","lineno":460}
{"timestamp":"2026-09-02T15:34:49.714643Z","level":"info","event":"Filling up the DagBag from /opt/airflow/dags/1_first_task.py","logger":"airflow.dag_processing.dagbag.BundleDagBag","filename":"dagbag.py","lineno":460}
{"timestamp":"2026-09-02T15:35:20.262238Z","level":"info","event":"Filling up the DagBag from /opt/airflow/dags/1_first_task.py","logger":"airflow.dag_processing.dagbag.BundleDagBag","filename":"dagbag.py","lineno":460}
{"timestamp":"2026-09-02T15:35:50.860649Z","level":"info","event":"Filling up the DagBag from /opt/airflow/dags/1_first_task.py","logger":"airflow.dag_processing.dagbag.BundleDagBag","filename":"dagbag.py","lineno":460}
{"timestamp":"2026-09-02T15:36:21.445523Z","level":"info","event":"Filling up the DagBag from /opt/airflow/dags/1_first_task.py","logger":"airflow.dag_processing.dagbag.BundleDagBag","filename":"dagbag.py","lineno":460}
{"timestamp":"2026-09-02T15:36:52.048322Z","level":"info","event":"Filling up the DagBag from /opt/airflow/dags/1_first_task.py","logger":"airflow.dag_processing.dagbag.BundleDagBag","filename":"dagbag.py","lineno":460}
{"timestamp":"2026-09-02T15:37:22.650527Z","level":"info","event":"Filling up the DagBag from /opt/airflow/dags/1_first_task.py","logger":"airflow.dag_processing.dagbag.BundleDagBag","filename":"dagbag.py","lineno":460}
{"timestamp":"2026-09-02T15:37:53.231364Z","level":"info","event":"Filling up the DagBag from /opt/airflow/dags/1_first_task.py","logger":"airflow.dag_processing.dagbag.BundleDagBag","filename":"dagbag.py","lineno":460}
{"timestamp":"2026-09-02T15:38:23.795982Z","level":"info","event":"Filling up the DagBag from /opt/airflow/dags/1_first_task.py","logger":"airflow.dag_processing.dagbag.BundleDagBag","filename":"dagbag.py","lineno":460}
{"timestamp":"2026-09-02T15:38:54.363908Z","level":"info","event":"Filling up the DagBag from /opt/airflow/dags/1_first_task.py","logger":"airflow.dag_processing.dagbag.BundleDagBag","filename":"dagbag.py","lineno":460}
{"timestamp":"2026-09-02T15:39:25.033811Z","level":"info","event":"Filling up the DagBag from /opt/airflow/dags/1_first_task.py","logger":"airflow.dag_processing.dagbag.BundleDagBag","filename":"dagbag.py","lineno":460}
{"timestamp":"2026-09-02T15:39:55.667283Z","level":"info","event":"Filling up the DagBag from /opt/airflow/dags/1_first_task.py","logger":"airflow.dag_processing.dagbag.BundleDagBag","filename":"dagbag.py","lineno":460}
{"timestamp":"2026-09-02T15:40:26.262022Z","level":"info","event":"Filling up the DagBag from /opt/airflow/dags/1_first_task.py","logger":"airflow.dag_processing.dagbag.BundleDagBag","filename":"dagbag.py","lineno":460}
{"timestamp":"2026-09-02T15:40:56.800546Z","level":"info","event":"Filling up the DagBag from /opt/airflow/dags/1_first_task.py","logger":"airflow.dag_processing.dagbag.BundleDagBag","filename":"dagbag.py","lineno":460}
{"timestamp":"2026-09-02T15:41:27.350845Z","level":"info","event":"Filling up the DagBag from /opt/airflow/dags/1_first_task.py","logger":"airflow.dag_processing.dagbag.BundleDagBag","filename":"dagbag.py","lineno":460}
{"timestamp":"2026-09-02T15:41:57.928989Z","level":"info","event":"Filling up the DagBag from /opt/airflow/dags/1_first_task.py","logger":"airflow.dag_processing.dagbag.BundleDagBag","filename":"dagbag.py","lineno":460}
{"timestamp":"2026-09-02T15:42:28.529197Z","level":"info","event":"Filling up the DagBag from /opt/airflow/dags/1_first_task.py","logger":"airflow.dag_processing.dagbag.BundleDagBag","filename":"dagbag.py","lineno":460}
{"timestamp":"2026-09-02T15:42:59.094501Z","level":"info","event":"Filling up the DagBag from /opt/airflow/dags/1_first_task.py","logger":"airflow.dag_processing.dagbag.BundleDagBag","filename":"dagbag.py","lineno":460}
{"timestamp":"2026-09-02T15:43:29.664639Z","level":"info","event":"Filling up the DagBag from /opt/airflow/dags/1_first_task.py","logger":"airflow.dag_processing.dagbag.BundleDagBag","filename":"dagbag.py","lineno":460}
{"timestamp":"2026-09-02T15:44:00.248675Z","level":"info","event":"Filling up the DagBag from /opt/airflow/dags/1_first_task.py","logger":"airflow.dag_processing.dagbag.BundleDagBag","filename":"dagbag.py","lineno":460}
{"timestamp":"2026-09-02T15:44:30.814352Z","level":"info","event":"Filling up the DagBag from /opt/airflow/dags/1_first_task.py","logger":"airflow.dag_processing.dagbag.BundleDagBag","filename":"dagbag.py","lineno":460}
{"timestamp":"2026-09-02T15:45:01.421950Z","level":"info","event":"Filling up the DagBag from /opt/airflow/dags/1_first_task.py","logger":"airflow.dag_processing.dagbag.BundleDagBag","filename":"dagbag.py","lineno":460}
{"timestamp":"2026-09-02T15:45:31.992322Z","level":"info","event":"Filling up the DagBag from /opt/airflow/dags/1_first_task.py","logger":"airflow.dag_processing.dagbag.BundleDagBag","filename":"dagbag.py","lineno":460}
{"timestamp":"2026-09-02T15:46:02.566283Z","level":"info","event":"Filling up the DagBag from /opt/airflow/dags/1_first_task.py","logger":"airflow.dag_processing.dagbag.BundleDagBag","filename":"dagbag.py","lineno":460}
{"timestamp":"2026-09-02T15:46:33.131410Z","level":"info","event":"Filling up the DagBag from /opt/airflow/dags/1_first_task.py","logger":"airflow.dag_processing.dagbag.BundleDagBag","filename":"dagbag.py","lineno":460}
{"timestamp":"2026-09-02T15:47:03.784439Z","level":"info","event":"Filling up the DagBag from /opt/airflow/dags/1_first_task.py","logger":"airflow.dag_processing.dagbag.BundleDagBag","filename":"dagbag.py","lineno":460}
{"timestamp":"2026-09-02T15:47:34.376023Z","level":"info","event":"Filling up the DagBag from /opt/airflow/dags/1_first_task.py","logger":"airflow.dag_processing.dagbag.BundleDagBag","filename":"dagbag.py","lineno":460}
{"timestamp":"2026-09-02T15:48:04.967534Z","level":"info","event":"Filling up the DagBag from /opt/airflow/dags/1_first_task.py","logger":"airflow.dag_processing.dagbag.BundleDagBag","filename":"dagbag.py","lineno":460}
{"timestamp":"2026-09-02T15:48:35.537062Z","level":"info","event":"Filling up the DagBag from /opt/airflow/dags/1_first_task.py","logger":"airflow.dag_processing.dagbag.BundleDagBag","filename":"dagbag.py","lineno":460}
{"timestamp":"2026-09-02T15:49:06.129320Z","level":"info","event":"Filling up the DagBag from /opt/airflow/dags/1_first_task.py","logger":"airflow.dag_processing.dagbag.BundleDagBag","filename":"dagbag.py","lineno":460}
{"timestamp":"2026-09-02T15:49:36.745660Z","level":"info","event":"Filling up the DagBag from /opt/airflow/dags/1_first_task.py","logger":"airflow.dag_processing.dagbag.BundleDagBag","filename":"dagbag.py","lineno":460}
{"timestamp":"2026-09-02T15:50:07.333797Z","level":"info","event":"Filling up the DagBag from /opt/airflow/dags/1_first_task.py","logger":"airflow.dag_processing.dagbag.BundleDagBag","filename":"dagbag.py","lineno":460}
{"timestamp":"2026-09-02T15:50:37.912374Z","level":"info","event":"Filling up the DagBag from /opt/airflow/dags/1_first_task.py","logger":"airflow.dag_processing.dagbag.BundleDagBag","filename":"dagbag.py","lineno":460}
{"timestamp":"2026-09-02T15:51:08.530238Z","level":"info","event":"Filling up the DagBag from /opt/airflow/dags/1_first_task.py","logger":"airflow.dag_processing.dagbag.BundleDagBag","filename":"dagbag.py","lineno":460}
{"timestamp":"2026-09-02T15:51:39.102477Z","level":"info","event":"Filling up the DagBag from /opt/airflow/dags/1_first_task.py","logger":"airflow.dag_processing.dagbag.BundleDagBag","filename":"dagbag.py","lineno":460}
{"timestamp":"2026-09-02T15:52:09.693215Z","level":"info","event":"Filling up the DagBag from /opt/airflow/dags/1_first_task.py","logger":"airflow.dag_processing.dagbag.BundleDagBag","filename":"dagbag.py","lineno":460}
{"timestamp":"2026-09-02T15:52:40.269624Z","level":"info","event":"Filling up the DagBag from /opt/airflow/dags/1_first_task.py","logger":"airflow.dag_processing.dagbag.BundleDagBag","filename":"dagbag.py","lineno":460}
{"timestamp":"2026-09-02T15:53:10.888907Z","level":"info","event":"Filling up the DagBag from /opt/airflow/dags/1_first_task.py","logger":"airflow.dag_processing.dagbag.BundleDagBag","filename":"dagbag.py","lineno":460}
{"timestamp":"2026-09-02T15:53:41.516819Z","level":"info","event":"Filling up the DagBag from /opt/airflow/dags/1_first_task.py","logger":"airflow.dag_processing.dagbag.BundleDagBag","filename":"dagbag.py","lineno":460}
{"timestamp":"2026-09-02T15:54:12.113972Z","level":"info","event":"Filling up the DagBag from /opt/airflow/dags/1_first_task.py","logger":"airflow.dag_processing.dagbag.BundleDagBag","filename":"dagbag.py","lineno":460}
{"timestamp":"2026-09-02T15:54:42.695529Z","level":"info","event":"Filling up the DagBag from /opt/airflow/dags/1_first_task.py","logger":"airflow.dag_processing.dagbag.BundleDagBag","filename":"dagbag.py","lineno":460}
{"timestamp":"2026-09-02T15:55:13.276419Z","level":"info","event":"Filling up the DagBag from /opt/airflow/dags/1_first_task.py","logger":"airflow.dag_processing.dagbag.BundleDagBag","filename":"dagbag.py","lineno":460}
{"timestamp":"2026-09-02T15:55:43.881105Z","level":"info","event":"Filling up the DagBag from /opt/airflow/dags/1_first_task.py","logger":"airflow.dag_processing.dagbag.BundleDagBag","filename":"dagbag.py","lineno":460}
{"timestamp":"2026-09-02T15:56:14.480922Z","level":"info","event":"Filling up the DagBag from /opt/airflow/dags/1_first_task.py","logger":"airflow.dag_processing.dagbag.BundleDagBag","filename":"dagbag.py","lineno":460}
{"timestamp":"2026-09-02T15:56:45.060624Z","level":"info","event":"Filling up the DagBag from /opt/airflow/dags/1_first_task.py","logger":"airflow.dag_processing.dagbag.BundleDagBag","filename":"dagbag.py","lineno":460}
{"timestamp":"2026-09-02T15:57:15.598194Z","level":"info","event":"Filling up the DagBag from /opt/airflow/dags/1_first_task.py","logger":"airflow.dag_processing.dagbag.BundleDagBag","filename":"dagbag.py","lineno":460}
{"timestamp":"2026-09-02T15:57:46.198679Z","level":"info","event":"Filling up the DagBag from /opt/airflow/dags/1_first_task.py","logger":"airflow.dag_processing.dagbag.BundleDagBag","filename":"dagbag.py","lineno":460}
{"timestamp":"2026-09-02T15:58:16.770606Z","level":"info","event":"Filling up the DagBag from /opt/airflow/dags/1_first_task.py","logger":"airflow.dag_processing.dagbag.BundleDagBag","filename":"dagbag.py","lineno":460}
{"timestamp":"2026-09-02T15:58:47.375581Z","level":"info","event":"Filling up the DagBag from /opt/airflow/dags/1_first_task.py","logger":"airflow.dag_processing.dagbag.BundleDagBag","filename":"dagbag.py","lineno":460}
{"timestamp":"2026-09-02T15:59:17.991651Z","level":"info","event":"Filling up the DagBag from /opt/airflow/dags/1_first_task.py","logger":"airflow.dag_processing.dagbag.BundleDagBag","filename":"dagbag.py","lineno":460}
{"timestamp":"2026-09-02T15:59:48.549462Z","level":"info","event":"Filling up the DagBag from /opt/airflow/dags/1_first_task.py","logger":"airflow.dag_processing.dagbag.BundleDagBag","filename":"dagbag.py","lineno":460}
{"timestamp":"2026-09-02T16:00:19.091583Z","level":"info","event":"Filling up the DagBag from /opt/airflow/dags/1_first_task.py","logger":"airflow.dag_processing.dagbag.BundleDagBag","filename":"dagbag.py","lineno":460}
{"timestamp":"2026-09-02T16:00:49.674990Z","level":"info","event":"Filling up the DagBag from /opt/airflow/dags/1_first_task.py","logger":"airflow.dag_processing.dagbag.BundleDagBag","filename":"dagbag.py","lineno":460}
{"timestamp":"2026-09-02T16:01:20.270751Z","level":"info","event":"Filling up the DagBag from /opt/airflow/dags/1_first_task.py","logger":"airflow.dag_processing.dagbag.BundleDagBag","filename":"dagbag.py","lineno":460}
{"timestamp":"2026-09-02T16:01:50.863342Z","level":"info","event":"Filling up the DagBag from /opt/airflow/dags/1_first_task.py","logger":"airflow.dag_processing.dagbag.BundleDagBag","filename":"dagbag.py","lineno":460}
{"timestamp":"2026-09-02T16:02:21.455104Z","level":"info","event":"Filling up the DagBag from /opt/airflow/dags/1_first_task.py","logger":"airflow.dag_processing.dagbag.BundleDagBag","filename":"dagbag.py","lineno":460}
{"timestamp":"2026-09-02T16:02:52.050012Z","level":"info","event":"Filling up the DagBag from /opt/airflow/dags/1_first_task.py","logger":"airflow.dag_processing.dagbag.BundleDagBag","filename":"dagbag.py","lineno":460}
{"timestamp":"2026-09-02T16:03:22.661751Z","level":"info","event":"Filling up the DagBag from /opt/airflow/dags/1_first_task.py","logger":"airflow.dag_processing.dagbag.BundleDagBag","filename":"dagbag.py","lineno":460}
{"timestamp":"2026-09-02T16:03:53.262551Z","level":"info","event":"Filling up the DagBag from /opt/airflow/dags/1_first_task.py","logger":"airflow.dag_processing.dagbag.BundleDagBag","filename":"dagbag.py","lineno":460}
{"timestamp":"2026-09-02T16:04:23.846782Z","level":"info","event":"Filling up the DagBag from /opt/airflow/dags/1_first_task.py","logger":"airflow.dag_processing.dagbag.BundleDagBag","filename":"dagbag.py","lineno":460}
{"timestamp":"2026-09-02T16:04:54.418836Z","level":"info","event":"Filling up the DagBag from /opt/airflow/dags/1_first_task.py","logger":"airflow.dag_processing.dagbag.BundleDagBag","filename":"dagbag.py","lineno":460}
{"timestamp":"2026-09-02T16:05:25.001241Z","level":"info","event":"Filling up the DagBag from /opt/airflow/dags/1_first_task.py","logger":"airflow.dag_processing.dagbag.BundleDagBag","filename":"dagbag.py","lineno":460}
{"timestamp":"2026-09-02T16:05:55.591657Z","level":"info","event":"Filling up the DagBag from /opt/airflow/dags/1_first_task.py","logger":"airflow.dag_processing.dagbag.BundleDagBag","filename":"dagbag.py","lineno":460}
{"timestamp":"2026-09-02T16:06:26.177723Z","level":"info","event":"Filling up the DagBag from /opt/airflow/dags/1_first_task.py","logger":"airflow.dag_processing.dagbag.BundleDagBag","filename":"dagbag.py","lineno":460}
{"timestamp":"2026-09-02T16:06:56.779206Z","level":"info","event":"Filling up the DagBag from /opt/airflow/dags/1_first_task.py","logger":"airflow.dag_processing.dagbag.BundleDagBag","filename":"dagbag.py","lineno":460}
{"timestamp":"2026-09-02T16:07:27.360260Z","level":"info","event":"Filling up the DagBag from /opt/airflow/dags/1_first_task.py","logger":"airflow.dag_processing.dagbag.BundleDagBag","filename":"dagbag.py","lineno":460}
{"timestamp":"2026-09-02T16:07:57.975110Z","level":"info","event":"Filling up the DagBag from /opt/airflow/dags/1_first_task.py","logger":"airflow.dag_processing.dagbag.BundleDagBag","filename":"dagbag.py","lineno":460}
{"timestamp":"2026-09-02T16:08:28.575790Z","level":"info","event":"Filling up the DagBag from /opt/airflow/dags/1_first_task.py","logger":"airflow.dag_processing.dagbag.BundleDagBag","filename":"dagbag.py","lineno":460}
{"timestamp":"2026-09-02T16:08:59.166713Z","level":"info","event":"Filling up the DagBag from /opt/airflow/dags/1_first_task.py","logger":"airflow.dag_processing.dagbag.BundleDagBag","filename":"dagbag.py","lineno":460}
{"timestamp":"2026-09-02T16:09:29.758957Z","level":"info","event":"Filling up the DagBag from /opt/airflow/dags/1_first_task.py","logger":"airflow.dag_processing.dagbag.BundleDagBag","filename":"dagbag.py","lineno":460}
{"timestamp":"2026-09-02T16:10:00.337856Z","level":"info","event":"Filling up the DagBag from /opt/airflow/dags/1_first_task.py","logger":"airflow.dag_processing.dagbag.BundleDagBag","filename":"dagbag.py","lineno":460}
{"timestamp":"2026-09-02T16:10:30.966595Z","level":"info","event":"Filling up the DagBag from /opt/airflow/dags/1_first_task.py","logger":"airflow.dag_processing.dagbag.BundleDagBag","filename":"dagbag.py","lineno":460}
{"timestamp":"2026-09-02T16:11:01.547529Z","level":"info","event":"Filling up the DagBag from /opt/airflow/dags/1_first_task.py","logger":"airflow.dag_processing.dagbag.BundleDagBag","filename":"dagbag.py","lineno":460}
{"timestamp":"2026-09-02T16:11:32.137542Z","level":"info","event":"Filling up the DagBag from /opt/airflow/dags/1_first_task.py","logger":"airflow.dag_processing.dagbag.BundleDagBag","filename":"dagbag.py","lineno":460}
{"timestamp":"2026-09-02T16:12:02.741746Z","level":"info","event":"Filling up the DagBag from /opt/airflow/dags/1_first_task.py","logger":"airflow.dag_processing.dagbag.BundleDagBag","filename":"dagbag.py","lineno":460}
{"timestamp":"2026-09-02T16:12:33.355119Z","level":"info","event":"Filling up the DagBag from /opt/airflow/dags/1_first_task.py","logger":"airflow.dag_processing.dagbag.BundleDagBag","filename":"dagbag.py","lineno":460}
{"timestamp":"2026-09-02T16:13:03.948375Z","level":"info","event":"Filling up the DagBag from /opt/airflow/dags/1_first_task.py","logger":"airflow.dag_processing.dagbag.BundleDagBag","filename":"dagbag.py","lineno":460}
{"timestamp":"2026-09-02T16:13:34.613033Z","level":"info","event":"Filling up the DagBag from /opt/airflow/dags/1_first_task.py","logger":"airflow.dag_processing.dagbag.BundleDagBag","filename":"dagbag.py","lineno":460}
{"timestamp":"2026-09-02T16:14:05.198824Z","level":"info","event":"Filling up the DagBag from /opt/airflow/dags/1_first_task.py","logger":"airflow.dag_processing.dagbag.BundleDagBag","filename":"dagbag.py","lineno":460}
{"timestamp":"2026-09-02T16:14:35.805083Z","level":"info","event":"Filling up the DagBag from /opt/airflow/dags/1_first_task.py","logger":"airflow.dag_processing.dagbag.BundleDagBag","filename":"dagbag.py","lineno":460}
{"timestamp":"2026-09-02T16:15:06.429750Z","level":"info","event":"Filling up the DagBag from /opt/airflow/dags/1_first_task.py","logger":"airflow.dag_processing.dagbag.BundleDagBag","filename":"dagbag.py","lineno":460}
{"timestamp":"2026-09-02T16:15:37.060879Z","level":"info","event":"Filling up the DagBag from /opt/airflow/dags/1_first_task.py","logger":"airflow.dag_processing.dagbag.BundleDagBag","filename":"dagbag.py","lineno":460}
{"timestamp":"2026-09-02T16:16:07.656506Z","level":"info","event":"Filling up the DagBag from /opt/airflow/dags/1_first_task.py","logger":"airflow.dag_processing.dagbag.BundleDagBag","filename":"dagbag.py","lineno":460}
{"timestamp":"2026-09-02T16:16:38.241789Z","level":"info","event":"Filling up the DagBag from /opt/airflow/dags/1_first_task.py","logger":"airflow.dag_processing.dagbag.BundleDagBag","filename":"dagbag.py","lineno":460}
{"timestamp":"2026-09-02T16:17:08.868658Z","level":"info","event":"Filling up the DagBag from /opt/airflow/dags/1_first_task.py","logger":"airflow.dag_processing.dagbag.BundleDagBag","filename":"dagbag.py","lineno":460}
{"timestamp":"2026-09-02T16:17:39.479582Z","level":"info","event":"Filling up the DagBag from /opt/airflow/dags/1_first_task.py","logger":"airflow.dag_processing.dagbag.BundleDagBag","filename":"dagbag.py","lineno":460}
{"timestamp":"2026-09-02T16:18:10.055200Z","level":"info","event":"Filling up the DagBag from /opt/airflow/dags/1_first_task.py","logger":"airflow.dag_processing.dagbag.BundleDagBag","filename":"dagbag.py","lineno":460}
{"timestamp":"2026-09-02T16:18:40.661483Z","level":"info","event":"Filling up the DagBag from /opt/airflow/dags/1_first_task.py","logger":"airflow.dag_processing.dagbag.BundleDagBag","filename":"dagbag.py","lineno":460}
{"timestamp":"2026-09-02T16:19:11.244653Z","level":"info","event":"Filling up the DagBag from /opt/airflow/dags/1_first_task.py","logger":"airflow.dag_processing.dagbag.BundleDagBag","filename":"dagbag.py","lineno":460}
{"timestamp":"2026-09-02T16:19:41.904130Z","level":"info","event":"Filling up the DagBag from /opt/airflow/dags/1_first_task.py","logger":"airflow.dag_processing.dagbag.BundleDagBag","filename":"dagbag.py","lineno":460}
{"timestamp":"2026-09-02T16:20:12.474714Z","level":"info","event":"Filling up the DagBag from /opt/airflow/dags/1_first_task.py","logger":"airflow.dag_processing.dagbag.BundleDagBag","filename":"dagbag.py","lineno":460}
{"timestamp":"2026-09-02T16:20:43.096196Z","level":"info","event":"Filling up the DagBag from /opt/airflow/dags/1_first_task.py","logger":"airflow.dag_processing.dagbag.BundleDagBag","filename":"dagbag.py","lineno":460}
{"timestamp":"2026-09-02T16:21:13.664451Z","level":"info","event":"Filling up the DagBag from /opt/airflow/dags/1_first_task.py","logger":"airflow.dag_processing.dagbag.BundleDagBag","filename":"dagbag.py","lineno":460}
{"timestamp":"2026-09-02T16:21:44.264456Z","level":"info","event":"Filling up the DagBag from /opt/airflow/dags/1_first_task.py","logger":"airflow.dag_processing.dagbag.BundleDagBag","filename":"dagbag.py","lineno":460}
{"timestamp":"2026-09-02T16:22:14.841283Z","level":"info","event":"Filling up the DagBag from /opt/airflow/dags/1_first_task.py","logger":"airflow.dag_processing.dagbag.BundleDagBag","filename":"dagbag.py","lineno":460}
{"timestamp":"2026-09-02T16:22:45.414526Z","level":"info","event":"Filling up the DagBag from /opt/airflow/dags/1_first_task.py","logger":"airflow.dag_processing.dagbag.BundleDagBag","filename":"dagbag.py","lineno":460}
{"timestamp":"2026-09-02T16:23:16.072373Z","level":"info","event":"Filling up the DagBag from /opt/airflow/dags/1_first_task.py","logger":"airflow.dag_processing.dagbag.BundleDagBag","filename":"dagbag.py","lineno":460}
{"timestamp":"2026-09-02T16:23:46.674528Z","level":"info","event":"Filling up the DagBag from /opt/airflow/dags/1_first_task.py","logger":"airflow.dag_processing.dagbag.BundleDagBag","filename":"dagbag.py","lineno":460}
{"timestamp":"2026-09-02T16:24:17.268844Z","level":"info","event":"Filling up the DagBag from /opt/airflow/dags/1_first_task.py","logger":"airflow.dag_processing.dagbag.BundleDagBag","filename":"dagbag.py","lineno":460}
{"timestamp":"2026-09-02T16:24:47.842090Z","level":"info","event":"Filling up the DagBag from /opt/airflow/dags/1_first_task.py","logger":"airflow.dag_processing.dagbag.BundleDagBag","filename":"dagbag.py","lineno":460}
{"timestamp":"2026-09-02T16:25:18.419665Z","level":"info","event":"Filling up the DagBag from /opt/airflow/dags/1_first_task.py","logger":"airflow.dag_processing.dagbag.BundleDagBag","filename":"dagbag.py","lineno":460}
{"timestamp":"2026-09-02T16:25:49.027540Z","level":"info","event":"Filling up the DagBag from /opt/airflow/dags/1_first_task.py","logger":"airflow.dag_processing.dagbag.BundleDagBag","filename":"dagbag.py","lineno":460}
{"timestamp":"2026-09-02T16:26:19.592214Z","level":"info","event":"Filling up the DagBag from /opt/airflow/dags/1_first_task.py","logger":"airflow.dag_processing.dagbag.BundleDagBag","filename":"dagbag.py","lineno":460}
{"timestamp":"2026-09-02T16:26:50.171437Z","level":"info","event":"Filling up the DagBag from /opt/airflow/dags/1_first_task.py","logger":"airflow.dag_processing.dagbag.BundleDagBag","filename":"dagbag.py","lineno":460}
{"timestamp":"2026-09-02T16:27:20.751991Z","level":"info","event":"Filling up the DagBag from /opt/airflow/dags/1_first_task.py","logger":"airflow.dag_processing.dagbag.BundleDagBag","filename":"dagbag.py","lineno":460}
{"timestamp":"2026-09-02T16:27:51.305458Z","level":"info","event":"Filling up the DagBag from /opt/airflow/dags/1_first_task.py","logger":"airflow.dag_processing.dagbag.BundleDagBag","filename":"dagbag.py","lineno":460}
{"timestamp":"2026-09-02T16:28:21.915298Z","level":"info","event":"Filling up the DagBag from /opt/airflow/dags/1_first_task.py","logger":"airflow.dag_processing.dagbag.BundleDagBag","filename":"dagbag.py","lineno":460}
{"timestamp":"2026-09-02T16:28:52.508007Z","level":"info","event":"Filling up the DagBag from /opt/airflow/dags/1_first_task.py","logger":"airflow.dag_processing.dagbag.BundleDagBag","filename":"dagbag.py","lineno":460}
{"timestamp":"2026-09-02T16:29:23.080904Z","level":"info","event":"Filling up the DagBag from /opt/airflow/dags/1_first_task.py","logger":"airflow.dag_processing.dagbag.BundleDagBag","filename":"dagbag.py","lineno":460}
{"timestamp":"2026-09-02T16:29:53.715902Z","level":"info","event":"Filling up the DagBag from /opt/airflow/dags/1_first_task.py","logger":"airflow.dag_processing.dagbag.BundleDagBag","filename":"dagbag.py","lineno":460}
{"timestamp":"2026-09-02T16:30:24.271889Z","level":"info","event":"Filling up the DagBag from /opt/airflow/dags/1_first_task.py","logger":"airflow.dag_processing.dagbag.BundleDagBag","filename":"dagbag.py","lineno":460}
{"timestamp":"2026-09-02T16:30:54.831929Z","level":"info","event":"Filling up the DagBag from /opt/airflow/dags/1_first_task.py","logger":"airflow.dag_processing.dagbag.BundleDagBag","filename":"dagbag.py","lineno":460}
{"timestamp":"2026-09-02T16:31:25.407820Z","level":"info","event":"Filling up the DagBag from /opt/airflow/dags/1_first_task.py","logger":"airflow.dag_processing.dagbag.BundleDagBag","filename":"dagbag.py","lineno":460}
{"timestamp":"2026-09-02T16:31:56.019618Z","level":"info","event":"Filling up the DagBag from /opt/airflow/dags/1_first_task.py","logger":"airflow.dag_processing.dagbag.BundleDagBag","filename":"dagbag.py","lineno":460}
{"timestamp":"2026-09-02T16:32:26.626171Z","level":"info","event":"Filling up the DagBag from /opt/airflow/dags/1_first_task.py","logger":"airflow.dag_processing.dagbag.BundleDagBag","filename":"dagbag.py","lineno":460}
{"timestamp":"2026-09-02T16:32:57.223220Z","level":"info","event":"Filling up the DagBag from /opt/airflow/dags/1_first_task.py","logger":"airflow.dag_processing.dagbag.BundleDagBag","filename":"dagbag.py","lineno":460}
{"timestamp":"2026-09-02T16:33:27.793314Z","level":"info","event":"Filling up the DagBag from /opt/airflow/dags/1_first_task.py","logger":"airflow.dag_processing.dagbag.BundleDagBag","filename":"dagbag.py","lineno":460}
{"timestamp":"2026-09-02T16:33:58.497759Z","level":"info","event":"Filling up the DagBag from /opt/airflow/dags/1_first_task.py","logger":"airflow.dag_processing.dagbag.BundleDagBag","filename":"dagbag.py","lineno":460}
{"timestamp":"2026-09-02T16:34:29.040476Z","level":"info","event":"Filling up the DagBag from /opt/airflow/dags/1_first_task.py","logger":"airflow.dag_processing.dagbag.BundleDagBag","filename":"dagbag.py","lineno":460}
{"timestamp":"2026-09-02T16:34:59.627312Z","level":"info","event":"Filling up the DagBag from /opt/airflow/dags/1_first_task.py","logger":"airflow.dag_processing.dagbag.BundleDagBag","filename":"dagbag.py","lineno":460}
{"timestamp":"2026-09-02T16:35:30.189957Z","level":"info","event":"Filling up the DagBag from /opt/airflow/dags/1_first_task.py","logger":"airflow.dag_processing.dagbag.BundleDagBag","filename":"dagbag.py","lineno":460}
{"timestamp":"2026-09-02T16:36:00.766728Z","level":"info","event":"Filling up the DagBag from /opt/airflow/dags/1_first_task.py","logger":"airflow.dag_processing.dagbag.BundleDagBag","filename":"dagbag.py","lineno":460}
{"timestamp":"2026-09-02T16:36:31.419391Z","level":"info","event":"Filling up the DagBag from /opt/airflow/dags/1_first_task.py","logger":"airflow.dag_processing.dagbag.BundleDagBag","filename":"dagbag.py","lineno":460}
{"timestamp":"2026-09-02T16:37:02.002162Z","level":"info","event":"Filling up the DagBag from /opt/airflow/dags/1_first_task.py","logger":"airflow.dag_processing.dagbag.BundleDagBag","filename":"dagbag.py","lineno":460}
{"timestamp":"2026-09-02T16:37:32.583297Z","level":"info","event":"Filling up the DagBag from /opt/airflow/dags/1_first_task.py","logger":"airflow.dag_processing.dagbag.BundleDagBag","filename":"dagbag.py","lineno":460}
{"timestamp":"2026-09-02T16:38:03.167988Z","level":"info","event":"Filling up the DagBag from /opt/airflow/dags/1_first_task.py","logger":"airflow.dag_processing.dagbag.BundleDagBag","filename":"dagbag.py","lineno":460}
{"timestamp":"2026-09-02T16:38:33.738006Z","level":"info","event":"Filling up the DagBag from /opt/airflow/dags/1_first_task.py","logger":"airflow.dag_processing.dagbag.BundleDagBag","filename":"dagbag.py","lineno":460}
{"timestamp":"2026-09-02T16:39:04.338951Z","level":"info","event":"Filling up the DagBag from /opt/airflow/dags/1_first_task.py","logger":"airflow.dag_processing.dagbag.BundleDagBag","filename":"dagbag.py","lineno":460}
{"timestamp":"2026-09-02T16:39:34.930648Z","level":"info","event":"Filling up the DagBag from /opt/airflow/dags/1_first_task.py","logger":"airflow.dag_processing.dagbag.BundleDagBag","filename":"dagbag.py","lineno":460}
{"timestamp":"2026-09-02T16:40:05.532649Z","level":"info","event":"Filling up the DagBag from /opt/airflow/dags/1_first_task.py","logger":"airflow.dag_processing.dagbag.BundleDagBag","filename":"dagbag.py","lineno":460}
{"timestamp":"2026-09-02T16:40:36.154231Z","level":"info","event":"Filling up the DagBag from /opt/airflow/dags/1_first_task.py","logger":"airflow.dag_processing.dagbag.BundleDagBag","filename":"dagbag.py","lineno":460}
{"timestamp":"2026-09-02T16:41:06.762112Z","level":"info","event":"Filling up the DagBag from /opt/airflow/dags/1_first_task.py","logger":"airflow.dag_processing.dagbag.BundleDagBag","filename":"dagbag.py","lineno":460}
{"timestamp":"2026-09-02T16:41:37.323190Z","level":"info","event":"Filling up the DagBag from /opt/airflow/dags/1_first_task.py","logger":"airflow.dag_processing.dagbag.BundleDagBag","filename":"dagbag.py","lineno":460}
{"timestamp":"2026-09-02T16:42:07.881979Z","level":"info","event":"Filling up the DagBag from /opt/airflow/dags/1_first_task.py","logger":"airflow.dag_processing.dagbag.BundleDagBag","filename":"dagbag.py","lineno":460}
{"timestamp":"2026-09-02T16:42:38.476727Z","level":"info","event":"Filling up the DagBag from /opt/airflow/dags/1_first_task.py","logger":"airflow.dag_processing.dagbag.BundleDagBag","filename":"dagbag.py","lineno":460}
{"timestamp":"2026-09-02T16:43:09.059039Z","level":"info","event":"Filling up the DagBag from /opt/airflow/dags/1_first_task.py","logger":"airflow.dag_processing.dagbag.BundleDagBag","filename":"dagbag.py","lineno":460}
{"timestamp":"2026-09-02T16:43:39.621439Z","level":"info","event":"Filling up the DagBag from /opt/airflow/dags/1_first_task.py","logger":"airflow.dag_processing.dagbag.BundleDagBag","filename":"dagbag.py","lineno":460}
{"timestamp":"2026-09-02T16:44:10.194617Z","level":"info","event":"Filling up the DagBag from /opt/airflow/dags/1_first_task.py","logger":"airflow.dag_processing.dagbag.BundleDagBag","filename":"dagbag.py","lineno":460}
{"timestamp":"2026-09-02T16:44:40.796377Z","level":"info","event":"Filling up the DagBag from /opt/airflow/dags/1_first_task.py","logger":"airflow.dag_processing.dagbag.BundleDagBag","filename":"dagbag.py","lineno":460}
{"timestamp":"2026-09-02T16:45:11.367791Z","level":"info","event":"Filling up the DagBag from /opt/airflow/dags/1_first_task.py","logger":"airflow.dag_processing.dagbag.BundleDagBag","filename":"dagbag.py","lineno":460}
{"timestamp":"2026-09-02T16:45:41.951904Z","level":"info","event":"Filling up the DagBag from /opt/airflow/dags/1_first_task.py","logger":"airflow.dag_processing.dagbag.BundleDagBag","filename":"dagbag.py","lineno":460}
{"timestamp":"2026-09-02T16:46:12.543457Z","level":"info","event":"Filling up the DagBag from /opt/airflow/dags/1_first_task.py","logger":"airflow.dag_processing.dagbag.BundleDagBag","filename":"dagbag.py","lineno":460}
{"timestamp":"2026-09-02T16:46:43.142814Z","level":"info","event":"Filling up the DagBag from /opt/airflow/dags/1_first_task.py","logger":"airflow.dag_processing.dagbag.BundleDagBag","filename":"dagbag.py","lineno":460}
{"timestamp":"2026-09-02T16:47:13.829001Z","level":"info","event":"Filling up the DagBag from /opt/airflow/dags/1_first_task.py","logger":"airflow.dag_processing.dagbag.BundleDagBag","filename":"dagbag.py","lineno":460}
{"timestamp":"2026-09-02T16:47:44.389885Z","level":"info","event":"Filling up the DagBag from /opt/airflow/dags/1_first_task.py","logger":"airflow.dag_processing.dagbag.BundleDagBag","filename":"dagbag.py","lineno":460}
{"timestamp":"2026-09-02T16:48:14.970991Z","level":"info","event":"Filling up the DagBag from /opt/airflow/dags/1_first_task.py","logger":"airflow.dag_processing.dagbag.BundleDagBag","filename":"dagbag.py","lineno":460}
{"timestamp":"2026-09-02T16:48:45.525192Z","level":"info","event":"Filling up the DagBag from /opt/airflow/dags/1_first_task.py","logger":"airflow.dag_processing.dagbag.BundleDagBag","filename":"dagbag.py","lineno":460}
{"timestamp":"2026-09-02T16:49:16.109360Z","level":"info","event":"Filling up the DagBag from /opt/airflow/dags/1_first_task.py","logger":"airflow.dag_processing.dagbag.BundleDagBag","filename":"dagbag.py","lineno":460}
{"timestamp":"2026-09-02T16:49:46.690826Z","level":"info","event":"Filling up the DagBag from /opt/airflow/dags/1_first_task.py","logger":"airflow.dag_processing.dagbag.BundleDagBag","filename":"dagbag.py","lineno":460}
{"timestamp":"2026-09-02T16:50:17.277508Z","level":"info","event":"Filling up the DagBag from /opt/airflow/dags/1_first_task.py","logger":"airflow.dag_processing.dagbag.BundleDagBag","filename":"dagbag.py","lineno":460}
{"timestamp":"2026-09-02T16:50:47.849088Z","level":"info","event":"Filling up the DagBag from /opt/airflow/dags/1_first_task.py","logger":"airflow.dag_processing.dagbag.BundleDagBag","filename":"dagbag.py","lineno":460}
{"timestamp":"2026-09-02T16:51:18.415845Z","level":"info","event":"Filling up the DagBag from /opt/airflow/dags/1_first_task.py","logger":"airflow.dag_processing.dagbag.BundleDagBag","filename":"dagbag.py","lineno":460}
{"timestamp":"2026-09-02T16:51:49.052337Z","level":"info","event":"Filling up the DagBag from /opt/airflow/dags/1_first_task.py","logger":"airflow.dag_processing.dagbag.BundleDagBag","filename":"dagbag.py","lineno":460}
{"timestamp":"2026-09-02T16:52:19.666557Z","level":"info","event":"Filling up the DagBag from /opt/airflow/dags/1_first_task.py","logger":"airflow.dag_processing.dagbag.BundleDagBag","filename":"dagbag.py","lineno":460}
{"timestamp":"2026-09-02T16:52:50.278037Z","level":"info","event":"Filling up the DagBag from /opt/airflow/dags/1_first_task.py","logger":"airflow.dag_processing.dagbag.BundleDagBag","filename":"dagbag.py","lineno":460}
{"timestamp":"2026-09-02T16:53:20.870248Z","level":"info","event":"Filling up the DagBag from /opt/airflow/dags/1_first_task.py","logger":"airflow.dag_processing.dagbag.BundleDagBag","filename":"dagbag.py","lineno":460}
{"timestamp":"2026-09-02T16:53:51.474866Z","level":"info","event":"Filling up the DagBag from /opt/airflow/dags/1_first_task.py","logger":"airflow.dag_processing.dagbag.BundleDagBag","filename":"dagbag.py","lineno":460}
{"timestamp":"2026-09-02T16:54:22.046347Z","level":"info","event":"Filling up the DagBag from /opt/airflow/dags/1_first_task.py","logger":"airflow.dag_processing.dagbag.BundleDagBag","filename":"dagbag.py","lineno":460}
{"timestamp":"2026-09-02T16:54:52.627387Z","level":"info","event":"Filling up the DagBag from /opt/airflow/dags/1_first_task.py","logger":"airflow.dag_processing.dagbag.BundleDagBag","filename":"dagbag.py","lineno":460}
{"timestamp":"2026-09-02T16:55:23.236068Z","level":"info","event":"Filling up the DagBag from /opt/airflow/dags/1_first_task.py","logger":"airflow.dag_processing.dagbag.BundleDagBag","filename":"dagbag.py","lineno":460}
{"timestamp":"2026-09-02T16:55:53.853379Z","level":"info","event":"Filling up the DagBag from /opt/airflow/dags/1_first_task.py","logger":"airflow.dag_processing.dagbag.BundleDagBag","filename":"dagbag.py","lineno":460}
{"timestamp":"2026-09-02T16:56:24.423435Z","level":"info","event":"Filling up the DagBag from /opt/airflow/dags/1_first_task.py","logger":"airflow.dag_processing.dagbag.BundleDagBag","filename":"dagbag.py","lineno":460}
{"timestamp":"2026-09-02T16:56:55.025403Z","level":"info","event":"Filling up the DagBag from /opt/airflow/dags/1_first_task.py","logger":"airflow.dag_processing.dagbag.BundleDagBag","filename":"dagbag.py","lineno":460}
{"timestamp":"2026-09-02T16:57:25.592859Z","level":"info","event":"Filling up the DagBag from /opt/airflow/dags/1_first_task.py","logger":"airflow.dag_processing.dagbag.BundleDagBag","filename":"dagbag.py","lineno":460}
{"timestamp":"2026-09-02T16:57:56.204839Z","level":"info","event":"Filling up the DagBag from /opt/airflow/dags/1_first_task.py","logger":"airflow.dag_processing.dagbag.BundleDagBag","filename":"dagbag.py","lineno":460}
{"timestamp":"2026-09-02T16:58:26.799572Z","level":"info","event":"Filling up the DagBag from /opt/airflow/dags/1_first_task.py","logger":"airflow.dag_processing.dagbag.BundleDagBag","filename":"dagbag.py","lineno":460}
{"timestamp":"2026-09-02T16:58:57.399247Z","level":"info","event":"Filling up the DagBag from /opt/airflow/dags/1_first_task.py","logger":"airflow.dag_processing.dagbag.BundleDagBag","filename":"dagbag.py","lineno":460}
{"timestamp":"2026-09-02T16:59:27.996215Z","level":"info","event":"Filling up the DagBag from /opt/airflow/dags/1_first_task.py","logger":"airflow.dag_processing.dagbag.BundleDagBag","filename":"dagbag.py","lineno":460}
{"timestamp":"2026-09-02T16:59:58.510436Z","level":"info","event":"Filling up the DagBag from /opt/airflow/dags/1_first_task.py","logger":"airflow.dag_processing.dagbag.BundleDagBag","filename":"dagbag.py","lineno":460}
{"timestamp":"2026-09-02T17:00:29.046919Z","level":"info","event":"Filling up the DagBag from /opt/airflow/dags/1_first_task.py","logger":"airflow.dag_processing.dagbag.BundleDagBag","filename":"dagbag.py","lineno":460}
{"timestamp":"2026-09-02T17:00:59.666027Z","level":"info","event":"Filling up the DagBag from /opt/airflow/dags/1_first_task.py","logger":"airflow.dag_processing.dagbag.BundleDagBag","filename":"dagbag.py","lineno":460}
{"timestamp":"2026-09-02T17:01:30.229197Z","level":"info","event":"Filling up the DagBag from /opt/airflow/dags/1_first_task.py","logger":"airflow.dag_processing.dagbag.BundleDagBag","filename":"dagbag.py","lineno":460}
{"timestamp":"2026-09-02T17:02:00.839965Z","level":"info","event":"Filling up the DagBag from /opt/airflow/dags/1_first_task.py","logger":"airflow.dag_processing.dagbag.BundleDagBag","filename":"dagbag.py","lineno":460}
{"timestamp":"2026-09-02T17:02:31.471625Z","level":"info","event":"Filling up the DagBag from /opt/airflow/dags/1_first_task.py","logger":"airflow.dag_processing.dagbag.BundleDagBag","filename":"dagbag.py","lineno":460}
{"timestamp":"2026-09-02T17:03:02.079733Z","level":"info","event":"Filling up the DagBag from /opt/airflow/dags/1_first_task.py","logger":"airflow.dag_processing.dagbag.BundleDagBag","filename":"dagbag.py","lineno":460}
{"timestamp":"2026-09-02T17:03:32.693822Z","level":"info","event":"Filling up the DagBag from /opt/airflow/dags/1_first_task.py","logger":"airflow.dag_processing.dagbag.BundleDagBag","filename":"dagbag.py","lineno":460}
{"timestamp":"2026-09-02T17:04:03.274731Z","level":"info","event":"Filling up the DagBag from /opt/airflow/dags/1_first_task.py","logger":"airflow.dag_processing.dagbag.BundleDagBag","filename":"dagbag.py","lineno":460}
{"timestamp":"2026-09-02T17:04:33.860397Z","level":"info","event":"Filling up the DagBag from /opt/airflow/dags/1_first_task.py","logger":"airflow.dag_processing.dagbag.BundleDagBag","filename":"dagbag.py","lineno":460}
{"timestamp":"2026-09-02T17:05:04.441433Z","level":"info","event":"Filling up the DagBag from /opt/airflow/dags/1_first_task.py","logger":"airflow.dag_processing.dagbag.BundleDagBag","filename":"dagbag.py","lineno":460}
{"timestamp":"2026-09-02T17:05:35.041118Z","level":"info","event":"Filling up the DagBag from /opt/airflow/dags/1_first_task.py","logger":"airflow.dag_processing.dagbag.BundleDagBag","filename":"dagbag.py","lineno":460}
{"timestamp":"2026-09-02T17:06:05.602164Z","level":"info","event":"Filling up the DagBag from /opt/airflow/dags/1_first_task.py","logger":"airflow.dag_processing.dagbag.BundleDagBag","filename":"dagbag.py","lineno":460}
{"timestamp":"2026-09-02T17:06:36.218989Z","level":"info","event":"Filling up the DagBag from /opt/airflow/dags/1_first_task.py","logger":"airflow.dag_processing.dagbag.BundleDagBag","filename":"dagbag.py","lineno":460}
{"timestamp":"2026-09-02T17:07:06.811676Z","level":"info","event":"Filling up the DagBag from /opt/airflow/dags/1_first_task.py","logger":"airflow.dag_processing.dagbag.BundleDagBag","filename":"dagbag.py","lineno":460}
{"timestamp":"2026-09-02T17:07:37.405427Z","level":"info","event":"Filling up the DagBag from /opt/airflow/dags/1_first_task.py","logger":"airflow.dag_processing.dagbag.BundleDagBag","filename":"dagbag.py","lineno":460}
{"timestamp":"2026-09-02T17:08:08.000795Z","level":"info","event":"Filling up the DagBag from /opt/airflow/dags/1_first_task.py","logger":"airflow.dag_processing.dagbag.BundleDagBag","filename":"dagbag.py","lineno":460}
{"timestamp":"2026-09-02T17:08:38.605792Z","level":"info","event":"Filling up the DagBag from /opt/airflow/dags/1_first_task.py","logger":"airflow.dag_processing.dagbag.BundleDagBag","filename":"dagbag.py","lineno":460}
{"timestamp":"2026-09-02T17:09:09.183387Z","level":"info","event":"Filling up the DagBag from /opt/airflow/dags/1_first_task.py","logger":"airflow.dag_processing.dagbag.BundleDagBag","filename":"dagbag.py","lineno":460}
{"timestamp":"2026-09-02T17:09:39.801684Z","level":"info","event":"Filling up the DagBag from /opt/airflow/dags/1_first_task.py","logger":"airflow.dag_processing.dagbag.BundleDagBag","filename":"dagbag.py","lineno":460}
{"timestamp":"2026-09-02T17:10:10.392910Z","level":"info","event":"Filling up the DagBag from /opt/airflow/dags/1_first_task.py","logger":"airflow.dag_processing.dagbag.BundleDagBag","filename":"dagbag.py","lineno":460}
{"timestamp":"2026-09-02T17:10:40.960700Z","level":"info","event":"Filling up the DagBag from /opt/airflow/dags/1_first_task.py","logger":"airflow.dag_processing.dagbag.BundleDagBag","filename":"dagbag.py","lineno":460}
{"timestamp":"2026-09-02T17:11:11.530333Z","level":"info","event":"Filling up the DagBag from /opt/airflow/dags/1_first_task.py","logger":"airflow.dag_processing.dagbag.BundleDagBag","filename":"dagbag.py","lineno":460}
{"timestamp":"2026-09-02T17:11:42.138167Z","level":"info","event":"Filling up the DagBag from /opt/airflow/dags/1_first_task.py","logger":"airflow.dag_processing.dagbag.BundleDagBag","filename":"dagbag.py","lineno":460}
{"timestamp":"2026-09-02T17:12:12.729179Z","level":"info","event":"Filling up the DagBag from /opt/airflow/dags/1_first_task.py","logger":"airflow.dag_processing.dagbag.BundleDagBag","filename":"dagbag.py","lineno":460}
{"timestamp":"2026-09-02T17:12:43.323622Z","level":"info","event":"Filling up the DagBag from /opt/airflow/dags/1_first_task.py","logger":"airflow.dag_processing.dagbag.BundleDagBag","filename":"dagbag.py","lineno":460}
{"timestamp":"2026-09-02T17:13:13.913624Z","level":"info","event":"Filling up the DagBag from /opt/airflow/dags/1_first_task.py","logger":"airflow.dag_processing.dagbag.BundleDagBag","filename":"dagbag.py","lineno":460}
{"timestamp":"2026-09-02T17:13:44.499316Z","level":"info","event":"Filling up the DagBag from /opt/airflow/dags/1_first_task.py","logger":"airflow.dag_processing.dagbag.BundleDagBag","filename":"dagbag.py","lineno":460}
{"timestamp":"2026-09-02T17:14:15.095654Z","level":"info","event":"Filling up the DagBag from /opt/airflow/dags/1_first_task.py","logger":"airflow.dag_processing.dagbag.BundleDagBag","filename":"dagbag.py","lineno":460}
{"timestamp":"2026-09-02T17:14:45.730154Z","level":"info","event":"Filling up the DagBag from /opt/airflow/dags/1_first_task.py","logger":"airflow.dag_processing.dagbag.BundleDagBag","filename":"dagbag.py","lineno":460}
{"timestamp":"2026-09-02T17:15:16.314327Z","level":"info","event":"Filling up the DagBag from /opt/airflow/dags/1_first_task.py","logger":"airflow.dag_processing.dagbag.BundleDagBag","filename":"dagbag.py","lineno":460}
{"timestamp":"2026-09-02T17:15:46.863489Z","level":"info","event":"Filling up the DagBag from /opt/airflow/dags/1_first_task.py","logger":"airflow.dag_processing.dagbag.BundleDagBag","filename":"dagbag.py","lineno":460}
{"timestamp":"2026-09-02T17:16:17.441330Z","level":"info","event":"Filling up the DagBag from /opt/airflow/dags/1_first_task.py","logger":"airflow.dag_processing.dagbag.BundleDagBag","filename":"dagbag.py","lineno":460}
{"timestamp":"2026-09-02T17:16:48.031544Z","level":"info","event":"Filling up the DagBag from /opt/airflow/dags/1_first_task.py","logger":"airflow.dag_processing.dagbag.BundleDagBag","filename":"dagbag.py","lineno":460}
{"timestamp":"2026-09-02T17:17:18.660067Z","level":"info","event":"Filling up the DagBag from /opt/airflow/dags/1_first_task.py","logger":"airflow.dag_processing.dagbag.BundleDagBag","filename":"dagbag.py","lineno":460}
{"timestamp":"2026-09-02T17:17:49.233831Z","level":"info","event":"Filling up the DagBag from /opt/airflow/dags/1_first_task.py","logger":"airflow.dag_processing.dagbag.BundleDagBag","filename":"dagbag.py","lineno":460}
{"timestamp":"2026-09-02T17:18:19.786905Z","level":"info","event":"Filling up the DagBag from /opt/airflow/dags/1_first_task.py","logger":"airflow.dag_processing.dagbag.BundleDagBag","filename":"dagbag.py","lineno":460}
{"timestamp":"2026-09-02T17:18:50.382692Z","level":"info","event":"Filling up the DagBag from /opt/airflow/dags/1_first_task.py","logger":"airflow.dag_processing.dagbag.BundleDagBag","filename":"dagbag.py","lineno":460}
{"timestamp":"2026-09-02T17:19:20.981537Z","level":"info","event":"Filling up the DagBag from /opt/airflow/dags/1_first_task.py","logger":"airflow.dag_processing.dagbag.BundleDagBag","filename":"dagbag.py","lineno":460}
{"timestamp":"2026-09-02T17:19:51.533435Z","level":"info","event":"Filling up the DagBag from /opt/airflow/dags/1_first_task.py","logger":"airflow.dag_processing.dagbag.BundleDagBag","filename":"dagbag.py","lineno":460}
{"timestamp":"2026-09-02T17:20:22.082465Z","level":"info","event":"Filling up the DagBag from /opt/airflow/dags/1_first_task.py","logger":"airflow.dag_processing.dagbag.BundleDagBag","filename":"dagbag.py","lineno":460}
{"timestamp":"2026-09-02T17:20:52.637913Z","level":"info","event":"Filling up the DagBag from /opt/airflow/dags/1_first_task.py","logger":"airflow.dag_processing.dagbag.BundleDagBag","filename":"dagbag.py","lineno":460}
{"timestamp":"2026-09-02T17:21:23.234311Z","level":"info","event":"Filling up the DagBag from /opt/airflow/dags/1_first_task.py","logger":"airflow.dag_processing.dagbag.BundleDagBag","filename":"dagbag.py","lineno":460}
{"timestamp":"2026-09-02T17:21:53.808108Z","level":"info","event":"Filling up the DagBag from /opt/airflow/dags/1_first_task.py","logger":"airflow.dag_processing.dagbag.BundleDagBag","filename":"dagbag.py","lineno":460}
{"timestamp":"2026-09-02T17:22:24.406574Z","level":"info","event":"Filling up the DagBag from /opt/airflow/dags/1_first_task.py","logger":"airflow.dag_processing.dagbag.BundleDagBag","filename":"dagbag.py","lineno":460}
{"timestamp":"2026-09-02T17:22:54.988395Z","level":"info","event":"Filling up the DagBag from /opt/airflow/dags/1_first_task.py","logger":"airflow.dag_processing.dagbag.BundleDagBag","filename":"dagbag.py","lineno":460}
{"timestamp":"2026-09-02T17:23:25.555304Z","level":"info","event":"Filling up the DagBag from /opt/airflow/dags/1_first_task.py","logger":"airflow.dag_processing.dagbag.BundleDagBag","filename":"dagbag.py","lineno":460}
{"timestamp":"2026-09-02T17:23:56.148111Z","level":"info","event":"Filling up the DagBag from /opt/airflow/dags/1_first_task.py","logger":"airflow.dag_processing.dagbag.BundleDagBag","filename":"dagbag.py","lineno":460}
{"timestamp":"2026-09-02T17:24:26.752966Z","level":"info","event":"Filling up the DagBag from /opt/airflow/dags/1_first_task.py","logger":"airflow.dag_processing.dagbag.BundleDagBag","filename":"dagbag.py","lineno":460}
{"timestamp":"2026-09-02T17:24:57.351749Z","level":"info","event":"Filling up the DagBag from /opt/airflow/dags/1_first_task.py","logger":"airflow.dag_processing.dagbag.BundleDagBag","filename":"dagbag.py","lineno":460}
{"timestamp":"2026-09-02T17:25:27.954916Z","level":"info","event":"Filling up the DagBag from /opt/airflow/dags/1_first_task.py","logger":"airflow.dag_processing.dagbag.BundleDagBag","filename":"dagbag.py","lineno":460}
{"timestamp":"2026-09-02T17:25:58.552783Z","level":"info","event":"Filling up the DagBag from /opt/airflow/dags/1_first_task.py","logger":"airflow.dag_processing.dagbag.BundleDagBag","filename":"dagbag.py","lineno":460}
{"timestamp":"2026-09-02T17:26:29.134285Z","level":"info","event":"Filling up the DagBag from /opt/airflow/dags/1_first_task.py","logger":"airflow.dag_processing.dagbag.BundleDagBag","filename":"dagbag.py","lineno":460}
{"timestamp":"2026-09-02T17:26:59.694408Z","level":"info","event":"Filling up the DagBag from /opt/airflow/dags/1_first_task.py","logger":"airflow.dag_processing.dagbag.BundleDagBag","filename":"dagbag.py","lineno":460}
{"timestamp":"2026-09-02T17:27:30.268636Z","level":"info","event":"Filling up the DagBag from /opt/airflow/dags/1_first_task.py","logger":"airflow.dag_processing.dagbag.BundleDagBag","filename":"dagbag.py","lineno":460}
{"timestamp":"2026-09-02T17:28:00.893401Z","level":"info","event":"Filling up the DagBag from /opt/airflow/dags/1_first_task.py","logger":"airflow.dag_processing.dagbag.BundleDagBag","filename":"dagbag.py","lineno":460}
{"timestamp":"2026-09-02T17:28:31.480378Z","level":"info","event":"Filling up the DagBag from /opt/airflow/dags/1_first_task.py","logger":"airflow.dag_processing.dagbag.BundleDagBag","filename":"dagbag.py","lineno":460}
{"timestamp":"2026-09-02T17:29:02.060899Z","level":"info","event":"Filling up the DagBag from /opt/airflow/dags/1_first_task.py","logger":"airflow.dag_processing.dagbag.BundleDagBag","filename":"dagbag.py","lineno":460}
{"timestamp":"2026-09-02T17:29:32.647665Z","level":"info","event":"Filling up the DagBag from /opt/airflow/dags/1_first_task.py","logger":"airflow.dag_processing.dagbag.BundleDagBag","filename":"dagbag.py","lineno":460}
{"timestamp":"2026-09-02T17:30:03.235910Z","level":"info","event":"Filling up the DagBag from /opt/airflow/dags/1_first_task.py","logger":"airflow.dag_processing.dagbag.BundleDagBag","filename":"dagbag.py","lineno":460}
{"timestamp":"2026-09-02T17:30:33.805064Z","level":"info","event":"Filling up the DagBag from /opt/airflow/dags/1_first_task.py","logger":"airflow.dag_processing.dagbag.BundleDagBag","filename":"dagbag.py","lineno":460}
{"timestamp":"2026-09-02T17:31:04.424850Z","level":"info","event":"Filling up the DagBag from /opt/airflow/dags/1_first_task.py","logger":"airflow.dag_processing.dagbag.BundleDagBag","filename":"dagbag.py","lineno":460}
{"timestamp":"2026-09-02T17:31:35.069536Z","level":"info","event":"Filling up the DagBag from /opt/airflow/dags/1_first_task.py","logger":"airflow.dag_processing.dagbag.BundleDagBag","filename":"dagbag.py","lineno":460}
{"timestamp":"2026-09-02T17:32:05.644670Z","level":"info","event":"Filling up the DagBag from /opt/airflow/dags/1_first_task.py","logger":"airflow.dag_processing.dagbag.BundleDagBag","filename":"dagbag.py","lineno":460}
{"timestamp":"2026-09-02T17:32:36.232852Z","level":"info","event":"Filling up the DagBag from /opt/airflow/dags/1_first_task.py","logger":"airflow.dag_processing.dagbag.BundleDagBag","filename":"dagbag.py","lineno":460}
{"timestamp":"2026-09-02T17:33:06.842429Z","level":"info","event":"Filling up the DagBag from /opt/airflow/dags/1_first_task.py","logger":"airflow.dag_processing.dagbag.BundleDagBag","filename":"dagbag.py","lineno":460}
{"timestamp":"2026-09-02T17:33:37.422356Z","level":"info","event":"Filling up the DagBag from /opt/airflow/dags/1_first_task.py","logger":"airflow.dag_processing.dagbag.BundleDagBag","filename":"dagbag.py","lineno":460}
{"timestamp":"2026-09-02T17:34:08.060181Z","level":"info","event":"Filling up the DagBag from /opt/airflow/dags/1_first_task.py","logger":"airflow.dag_processing.dagbag.BundleDagBag","filename":"dagbag.py","lineno":460}
{"timestamp":"2026-09-02T17:34:38.648659Z","level":"info","event":"Filling up the DagBag from /opt/airflow/dags/1_first_task.py","logger":"airflow.dag_processing.dagbag.BundleDagBag","filename":"dagbag.py","lineno":460}
{"timestamp":"2026-09-02T17:35:09.235856Z","level":"info","event":"Filling up the DagBag from /opt/airflow/dags/1_first_task.py","logger":"airflow.dag_processing.dagbag.BundleDagBag","filename":"dagbag.py","lineno":460}
{"timestamp":"2026-09-02T17:35:39.825001Z","level":"info","event":"Filling up the DagBag from /opt/airflow/dags/1_first_task.py","logger":"airflow.dag_processing.dagbag.BundleDagBag","filename":"dagbag.py","lineno":460}
{"timestamp":"2026-09-02T17:36:10.388532Z","level":"info","event":"Filling up the DagBag from /opt/airflow/dags/1_first_task.py","logger":"airflow.dag_processing.dagbag.BundleDagBag","filename":"dagbag.py","lineno":460}
{"timestamp":"2026-09-02T17:36:40.973960Z","level":"info","event":"Filling up the DagBag from /opt/airflow/dags/1_first_task.py","logger":"airflow.dag_processing.dagbag.BundleDagBag","filename":"dagbag.py","lineno":460}
{"timestamp":"2026-09-02T17:37:11.572709Z","level":"info","event":"Filling up the DagBag from /opt/airflow/dags/1_first_task.py","logger":"airflow.dag_processing.dagbag.BundleDagBag","filename":"dagbag.py","lineno":460}
{"timestamp":"2026-09-02T17:37:42.153712Z","level":"info","event":"Filling up the DagBag from /opt/airflow/dags/1_first_task.py","logger":"airflow.dag_processing.dagbag.BundleDagBag","filename":"dagbag.py","lineno":460}
{"timestamp":"2026-09-02T17:38:12.712478Z","level":"info","event":"Filling up the DagBag from /opt/airflow/dags/1_first_task.py","logger":"airflow.dag_processing.dagbag.BundleDagBag","filename":"dagbag.py","lineno":460}
{"timestamp":"2026-09-02T17:38:43.276952Z","level":"info","event":"Filling up the DagBag from /opt/airflow/dags/1_first_task.py","logger":"airflow.dag_processing.dagbag.BundleDagBag","filename":"dagbag.py","lineno":460}
{"timestamp":"2026-09-02T17:39:13.883254Z","level":"info","event":"Filling up the DagBag from /opt/airflow/dags/1_first_task.py","logger":"airflow.dag_processing.dagbag.BundleDagBag","filename":"dagbag.py","lineno":460}
{"timestamp":"2026-09-02T17:39:44.469647Z","level":"info","event":"Filling up the DagBag from /opt/airflow/dags/1_first_task.py","logger":"airflow.dag_processing.dagbag.BundleDagBag","filename":"dagbag.py","lineno":460}
{"timestamp":"2026-09-02T17:40:15.062477Z","level":"info","event":"Filling up the DagBag from /opt/airflow/dags/1_first_task.py","logger":"airflow.dag_processing.dagbag.BundleDagBag","filename":"dagbag.py","lineno":460}
{"timestamp":"2026-09-02T17:40:45.686617Z","level":"info","event":"Filling up the DagBag from /opt/airflow/dags/1_first_task.py","logger":"airflow.dag_processing.dagbag.BundleDagBag","filename":"dagbag.py","lineno":460}
{"timestamp":"2026-09-02T17:41:16.296806Z","level":"info","event":"Filling up the DagBag from /opt/airflow/dags/1_first_task.py","logger":"airflow.dag_processing.dagbag.BundleDagBag","filename":"dagbag.py","lineno":460}
{"timestamp":"2026-09-02T17:41:46.885466Z","level":"info","event":"Filling up the DagBag from /opt/airflow/dags/1_first_task.py","logger":"airflow.dag_processing.dagbag.BundleDagBag","filename":"dagbag.py","lineno":460}
{"timestamp":"2026-09-02T17:42:17.438276Z","level":"info","event":"Filling up the DagBag from /opt/airflow/dags/1_first_task.py","logger":"airflow.dag_processing.dagbag.BundleDagBag","filename":"dagbag.py","lineno":460}
{"timestamp":"2026-09-02T17:42:48.030082Z","level":"info","event":"Filling up the DagBag from /opt/airflow/dags/1_first_task.py","logger":"airflow.dag_processing.dagbag.BundleDagBag","filename":"dagbag.py","lineno":460}
{"timestamp":"2026-09-02T17:43:18.638384Z","level":"info","event":"Filling up the DagBag from /opt/airflow/dags/1_first_task.py","logger":"airflow.dag_processing.dagbag.BundleDagBag","filename":"dagbag.py","lineno":460}
{"timestamp":"2026-09-02T17:43:49.229437Z","level":"info","event":"Filling up the DagBag from /opt/airflow/dags/1_first_task.py","logger":"airflow.dag_processing.dagbag.BundleDagBag","filename":"dagbag.py","lineno":460}
{"timestamp":"2026-09-02T17:44:19.799212Z","level":"info","event":"Filling up the DagBag from /opt/airflow/dags/1_first_task.py","logger":"airflow.dag_processing.dagbag.BundleDagBag","filename":"dagbag.py","lineno":460}
{"timestamp":"2026-09-02T17:44:50.381698Z","level":"info","event":"Filling up the DagBag from /opt/airflow/dags/1_first_task.py","logger":"airflow.dag_processing.dagbag.BundleDagBag","filename":"dagbag.py","lineno":460}
{"timestamp":"2026-09-02T17:45:20.968227Z","level":"info","event":"Filling up the DagBag from /opt/airflow/dags/1_first_task.py","logger":"airflow.dag_processing.dagbag.BundleDagBag","filename":"dagbag.py","lineno":460}
{"timestamp":"2026-09-02T17:45:51.559892Z","level":"info","event":"Filling up the DagBag from /opt/airflow/dags/1_first_task.py","logger":"airflow.dag_processing.dagbag.BundleDagBag","filename":"dagbag.py","lineno":460}
{"timestamp":"2026-09-02T17:46:22.163808Z","level":"info","event":"Filling up the DagBag from /opt/airflow/dags/1_first_task.py","logger":"airflow.dag_processing.dagbag.BundleDagBag","filename":"dagbag.py","lineno":460}
{"timestamp":"2026-09-02T17:46:52.726109Z","level":"info","event":"Filling up the DagBag from /opt/airflow/dags/1_first_task.py","logger":"airflow.dag_processing.dagbag.BundleDagBag","filename":"dagbag.py","lineno":460}
{"timestamp":"2026-09-02T17:47:23.338346Z","level":"info","event":"Filling up the DagBag from /opt/airflow/dags/1_first_task.py","logger":"airflow.dag_processing.dagbag.BundleDagBag","filename":"dagbag.py","lineno":460}
{"timestamp":"2026-09-02T17:47:53.931628Z","level":"info","event":"Filling up the DagBag from /opt/airflow/dags/1_first_task.py","logger":"airflow.dag_processing.dagbag.BundleDagBag","filename":"dagbag.py","lineno":460}
{"timestamp":"2026-09-02T17:48:24.496222Z","level":"info","event":"Filling up the DagBag from /opt/airflow/dags/1_first_task.py","logger":"airflow.dag_processing.dagbag.BundleDagBag","filename":"dagbag.py","lineno":460}
{"timestamp":"2026-09-02T17:48:55.075415Z","level":"info","event":"Filling up the DagBag from /opt/airflow/dags/1_first_task.py","logger":"airflow.dag_processing.dagbag.BundleDagBag","filename":"dagbag.py","lineno":460}
{"timestamp":"2026-09-02T17:49:25.655996Z","level":"info","event":"Filling up the DagBag from /opt/airflow/dags/1_first_task.py","logger":"airflow.dag_processing.dagbag.BundleDagBag","filename":"dagbag.py","lineno":460}
{"timestamp":"2026-09-02T17:49:56.229201Z","level":"info","event":"Filling up the DagBag from /opt/airflow/dags/1_first_task.py","logger":"airflow.dag_processing.dagbag.BundleDagBag","filename":"dagbag.py","lineno":460}
{"timestamp":"2026-09-02T17:50:26.835035Z","level":"info","event":"Filling up the DagBag from /opt/airflow/dags/1_first_task.py","logger":"airflow.dag_processing.dagbag.BundleDagBag","filename":"dagbag.py","lineno":460}
{"timestamp":"2026-09-02T17:50:57.464249Z","level":"info","event":"Filling up the DagBag from /opt/airflow/dags/1_first_task.py","logger":"airflow.dag_processing.dagbag.BundleDagBag","filename":"dagbag.py","lineno":460}
{"timestamp":"2026-09-02T17:51:28.027858Z","level":"info","event":"Filling up the DagBag from /opt/airflow/dags/1_first_task.py","logger":"airflow.dag_processing.dagbag.BundleDagBag","filename":"dagbag.py","lineno":460}
{"timestamp":"2026-09-02T17:51:58.624835Z","level":"info","event":"Filling up the DagBag from /opt/airflow/dags/1_first_task.py","logger":"airflow.dag_processing.dagbag.BundleDagBag","filename":"dagbag.py","lineno":460}
{"timestamp":"2026-09-02T17:52:29.194228Z","level":"info","event":"Filling up the DagBag from /opt/airflow/dags/1_first_task.py","logger":"airflow.dag_processing.dagbag.BundleDagBag","filename":"dagbag.py","lineno":460}
{"timestamp":"2026-09-02T17:52:59.760994Z","level":"info","event":"Filling up the DagBag from /opt/airflow/dags/1_first_task.py","logger":"airflow.dag_processing.dagbag.BundleDagBag","filename":"dagbag.py","lineno":460}
{"timestamp":"2026-09-02T17:53:30.314499Z","level":"info","event":"Filling up the DagBag from /opt/airflow/dags/1_first_task.py","logger":"airflow.dag_processing.dagbag.BundleDagBag","filename":"dagbag.py","lineno":460}
{"timestamp":"2026-09-02T17:54:00.903308Z","level":"info","event":"Filling up the DagBag from /opt/airflow/dags/1_first_task.py","logger":"airflow.dag_processing.dagbag.BundleDagBag","filename":"dagbag.py","lineno":460}
{"timestamp":"2026-09-02T17:54:31.433837Z","level":"info","event":"Filling up the DagBag from /opt/airflow/dags/1_first_task.py","logger":"airflow.dag_processing.dagbag.BundleDagBag","filename":"dagbag.py","lineno":460}
{"timestamp":"2026-09-02T17:55:02.029462Z","level":"info","event":"Filling up the DagBag from /opt/airflow/dags/1_first_task.py","logger":"airflow.dag_processing.dagbag.BundleDagBag","filename":"dagbag.py","lineno":460}
{"timestamp":"2026-09-02T17:55:32.619780Z","level":"info","event":"Filling up the DagBag from /opt/airflow/dags/1_first_task.py","logger":"airflow.dag_processing.dagbag.BundleDagBag","filename":"dagbag.py","lineno":460}
{"timestamp":"2026-09-02T17:56:03.219733Z","level":"info","event":"Filling up the DagBag from /opt/airflow/dags/1_first_task.py","logger":"airflow.dag_processing.dagbag.BundleDagBag","filename":"dagbag.py","lineno":460}
{"timestamp":"2026-09-02T17:56:33.816908Z","level":"info","event":"Filling up the DagBag from /opt/airflow/dags/1_first_task.py","logger":"airflow.dag_processing.dagbag.BundleDagBag","filename":"dagbag.py","lineno":460}
{"timestamp":"2026-09-02T17:57:04.410983Z","level":"info","event":"Filling up the DagBag from /opt/airflow/dags/1_first_task.py","logger":"airflow.dag_processing.dagbag.BundleDagBag","filename":"dagbag.py","lineno":460}
{"timestamp":"2026-09-02T17:57:34.970729Z","level":"info","event":"Filling up the DagBag from /opt/airflow/dags/1_first_task.py","logger":"airflow.dag_processing.dagbag.BundleDagBag","filename":"dagbag.py","lineno":460}
{"timestamp":"2026-09-02T17:58:05.581777Z","level":"info","event":"Filling up the DagBag from /opt/airflow/dags/1_first_task.py","logger":"airflow.dag_processing.dagbag.BundleDagBag","filename":"dagbag.py","lineno":460}
{"timestamp":"2026-09-02T17:58:36.174291Z","level":"info","event":"Filling up the DagBag from /opt/airflow/dags/1_first_task.py","logger":"airflow.dag_processing.dagbag.BundleDagBag","filename":"dagbag.py","lineno":460}
{"timestamp":"2026-09-02T17:59:06.746509Z","level":"info","event":"Filling up the DagBag from /opt/airflow/dags/1_first_task.py","logger":"airflow.dag_processing.dagbag.BundleDagBag","filename":"dagbag.py","lineno":460}
{"timestamp":"2026-09-02T17:59:37.327968Z","level":"info","event":"Filling up the DagBag from /opt/airflow/dags/1_first_task.py","logger":"airflow.dag_processing.dagbag.BundleDagBag","filename":"dagbag.py","lineno":460}
{"timestamp":"2026-09-02T18:00:07.912128Z","level":"info","event":"Filling up the DagBag from /opt/airflow/dags/1_first_task.py","logger":"airflow.dag_processing.dagbag.BundleDagBag","filename":"dagbag.py","lineno":460}
{"timestamp":"2026-09-02T18:00:38.523388Z","level":"info","event":"Filling up the DagBag from /opt/airflow/dags/1_first_task.py","logger":"airflow.dag_processing.dagbag.BundleDagBag","filename":"dagbag.py","lineno":460}
{"timestamp":"2026-09-02T18:01:09.119211Z","level":"info","event":"Filling up the DagBag from /opt/airflow/dags/1_first_task.py","logger":"airflow.dag_processing.dagbag.BundleDagBag","filename":"dagbag.py","lineno":460}
{"timestamp":"2026-09-02T18:01:39.717212Z","level":"info","event":"Filling up the DagBag from /opt/airflow/dags/1_first_task.py","logger":"airflow.dag_processing.dagbag.BundleDagBag","filename":"dagbag.py","lineno":460}
{"timestamp":"2026-09-02T18:02:10.296718Z","level":"info","event":"Filling up the DagBag from /opt/airflow/dags/1_first_task.py","logger":"airflow.dag_processing.dagbag.BundleDagBag","filename":"dagbag.py","lineno":460}
{"timestamp":"2026-09-02T18:02:40.868384Z","level":"info","event":"Filling up the DagBag from /opt/airflow/dags/1_first_task.py","logger":"airflow.dag_processing.dagbag.BundleDagBag","filename":"dagbag.py","lineno":460}
{"timestamp":"2026-09-02T18:03:11.398928Z","level":"info","event":"Filling up the DagBag from /opt/airflow/dags/1_first_task.py","logger":"airflow.dag_processing.dagbag.BundleDagBag","filename":"dagbag.py","lineno":460}
{"timestamp":"2026-09-02T18:03:42.001917Z","level":"info","event":"Filling up the DagBag from /opt/airflow/dags/1_first_task.py","logger":"airflow.dag_processing.dagbag.BundleDagBag","filename":"dagbag.py","lineno":460}
{"timestamp":"2026-09-02T18:04:12.550649Z","level":"info","event":"Filling up the DagBag from /opt/airflow/dags/1_first_task.py","logger":"airflow.dag_processing.dagbag.BundleDagBag","filename":"dagbag.py","lineno":460}
{"timestamp":"2026-09-02T18:04:43.116548Z","level":"info","event":"Filling up the DagBag from /opt/airflow/dags/1_first_task.py","logger":"airflow.dag_processing.dagbag.BundleDagBag","filename":"dagbag.py","lineno":460}
{"timestamp":"2026-09-02T18:05:13.708859Z","level":"info","event":"Filling up the DagBag from /opt/airflow/dags/1_first_task.py","logger":"airflow.dag_processing.dagbag.BundleDagBag","filename":"dagbag.py","lineno":460}
{"timestamp":"2026-09-02T18:05:44.325657Z","level":"info","event":"Filling up the DagBag from /opt/airflow/dags/1_first_task.py","logger":"airflow.dag_processing.dagbag.BundleDagBag","filename":"dagbag.py","lineno":460}
{"timestamp":"2026-09-02T18:06:14.923594Z","level":"info","event":"Filling up the DagBag from /opt/airflow/dags/1_first_task.py","logger":"airflow.dag_processing.dagbag.BundleDagBag","filename":"dagbag.py","lineno":460}
{"timestamp":"2026-09-02T18:06:45.519763Z","level":"info","event":"Filling up the DagBag from /opt/airflow/dags/1_first_task.py","logger":"airflow.dag_processing.dagbag.BundleDagBag","filename":"dagbag.py","lineno":460}
{"timestamp":"2026-09-02T18:07:16.100859Z","level":"info","event":"Filling up the DagBag from /opt/airflow/dags/1_first_task.py","logger":"airflow.dag_processing.dagbag.BundleDagBag","filename":"dagbag.py","lineno":460}
{"timestamp":"2026-09-02T18:07:46.714943Z","level":"info","event":"Filling up the DagBag from /opt/airflow/dags/1_first_task.py","logger":"airflow.dag_processing.dagbag.BundleDagBag","filename":"dagbag.py","lineno":460}
{"timestamp":"2026-09-02T18:08:17.312847Z","level":"info","event":"Filling up the DagBag from /opt/airflow/dags/1_first_task.py","logger":"airflow.dag_processing.dagbag.BundleDagBag","filename":"dagbag.py","lineno":460}
{"timestamp":"2026-09-02T18:08:47.970759Z","level":"info","event":"Filling up the DagBag from /opt/airflow/dags/1_first_task.py","logger":"airflow.dag_processing.dagbag.BundleDagBag","filename":"dagbag.py","lineno":460}
{"timestamp":"2026-09-02T18:09:18.535842Z","level":"info","event":"Filling up the DagBag from /opt/airflow/dags/1_first_task.py","logger":"airflow.dag_processing.dagbag.BundleDagBag","filename":"dagbag.py","lineno":460}
{"timestamp":"2026-09-02T18:09:49.102864Z","level":"info","event":"Filling up the DagBag from /opt/airflow/dags/1_first_task.py","logger":"airflow.dag_processing.dagbag.BundleDagBag","filename":"dagbag.py","lineno":460}
{"timestamp":"2026-09-02T18:10:19.706668Z","level":"info","event":"Filling up the DagBag from /opt/airflow/dags/1_first_task.py","logger":"airflow.dag_processing.dagbag.BundleDagBag","filename":"dagbag.py","lineno":460}
{"timestamp":"2026-09-02T18:10:50.324568Z","level":"info","event":"Filling up the DagBag from /opt/airflow/dags/1_first_task.py","logger":"airflow.dag_processing.dagbag.BundleDagBag","filename":"dagbag.py","lineno":460}
{"timestamp":"2026-09-02T18:11:20.930510Z","level":"info","event":"Filling up the DagBag from /opt/airflow/dags/1_first_task.py","logger":"airflow.dag_processing.dagbag.BundleDagBag","filename":"dagbag.py","lineno":460}
{"timestamp":"2026-09-02T18:11:51.534846Z","level":"info","event":"Filling up the DagBag from /opt/airflow/dags/1_first_task.py","logger":"airflow.dag_processing.dagbag.BundleDagBag","filename":"dagbag.py","lineno":460}
{"timestamp":"2026-09-02T18:12:22.142574Z","level":"info","event":"Filling up the DagBag from /opt/airflow/dags/1_first_task.py","logger":"airflow.dag_processing.dagbag.BundleDagBag","filename":"dagbag.py","lineno":460}
{"timestamp":"2026-09-02T18:12:52.737258Z","level":"info","event":"Filling up the DagBag from /opt/airflow/dags/1_first_task.py","logger":"airflow.dag_processing.dagbag.BundleDagBag","filename":"dagbag.py","lineno":460}
{"timestamp":"2026-09-02T18:13:23.339102Z","level":"info","event":"Filling up the DagBag from /opt/airflow/dags/1_first_task.py","logger":"airflow.dag_processing.dagbag.BundleDagBag","filename":"dagbag.py","lineno":460}
{"timestamp":"2026-09-02T18:13:53.931581Z","level":"info","event":"Filling up the DagBag from /opt/airflow/dags/1_first_task.py","logger":"airflow.dag_processing.dagbag.BundleDagBag","filename":"dagbag.py","lineno":460}
{"timestamp":"2026-09-02T18:14:24.485997Z","level":"info","event":"Filling up the DagBag from /opt/airflow/dags/1_first_task.py","logger":"airflow.dag_processing.dagbag.BundleDagBag","filename":"dagbag.py","lineno":460}
{"timestamp":"2026-09-02T18:14:55.048638Z","level":"info","event":"Filling up the DagBag from /opt/airflow/dags/1_first_task.py","logger":"airflow.dag_processing.dagbag.BundleDagBag","filename":"dagbag.py","lineno":460}
{"timestamp":"2026-09-02T18:15:25.632122Z","level":"info","event":"Filling up the DagBag from /opt/airflow/dags/1_first_task.py","logger":"airflow.dag_processing.dagbag.BundleDagBag","filename":"dagbag.py","lineno":460}
{"timestamp":"2026-09-02T18:15:56.223435Z","level":"info","event":"Filling up the DagBag from /opt/airflow/dags/1_first_task.py","logger":"airflow.dag_processing.dagbag.BundleDagBag","filename":"dagbag.py","lineno":460}
{"timestamp":"2026-09-02T18:16:26.817112Z","level":"info","event":"Filling up the DagBag from /opt/airflow/dags/1_first_task.py","logger":"airflow.dag_processing.dagbag.BundleDagBag","filename":"dagbag.py","lineno":460}
{"timestamp":"2026-09-02T18:16:57.402933Z","level":"info","event":"Filling up the DagBag from /opt/airflow/dags/1_first_task.py","logger":"airflow.dag_processing.dagbag.BundleDagBag","filename":"dagbag.py","lineno":460}
{"timestamp":"2026-09-02T18:17:28.042848Z","level":"info","event":"Filling up the DagBag from /opt/airflow/dags/1_first_task.py","logger":"airflow.dag_processing.dagbag.BundleDagBag","filename":"dagbag.py","lineno":460}
{"timestamp":"2026-09-02T18:17:58.633830Z","level":"info","event":"Filling up the DagBag from /opt/airflow/dags/1_first_task.py","logger":"airflow.dag_processing.dagbag.BundleDagBag","filename":"dagbag.py","lineno":460}
{"timestamp":"2026-09-02T18:18:29.234430Z","level":"info","event":"Filling up the DagBag from /opt/airflow/dags/1_first_task.py","logger":"airflow.dag_processing.dagbag.BundleDagBag","filename":"dagbag.py","lineno":460}
{"timestamp":"2026-09-02T18:18:59.816972Z","level":"info","event":"Filling up the DagBag from /opt/airflow/dags/1_first_task.py","logger":"airflow.dag_processing.dagbag.BundleDagBag","filename":"dagbag.py","lineno":460}
{"timestamp":"2026-09-02T18:19:30.390630Z","level":"info","event":"Filling up the DagBag from /opt/airflow/dags/1_first_task.py","logger":"airflow.dag_processing.dagbag.BundleDagBag","filename":"dagbag.py","lineno":460}
{"timestamp":"2026-09-02T18:20:00.902354Z","level":"info","event":"Filling up the DagBag from /opt/airflow/dags/1_first_task.py","logger":"airflow.dag_processing.dagbag.BundleDagBag","filename":"dagbag.py","lineno":460}
{"timestamp":"2026-09-02T18:20:31.478182Z","level":"info","event":"Filling up the DagBag from /opt/airflow/dags/1_first_task.py","logger":"airflow.dag_processing.dagbag.BundleDagBag","filename":"dagbag.py","lineno":460}
{"timestamp":"2026-09-02T18:21:02.039719Z","level":"info","event":"Filling up the DagBag from /opt/airflow/dags/1_first_task.py","logger":"airflow.dag_processing.dagbag.BundleDagBag","filename":"dagbag.py","lineno":460}
{"timestamp":"2026-09-02T18:21:32.604469Z","level":"info","event":"Filling up the DagBag from /opt/airflow/dags/1_first_task.py","logger":"airflow.dag_processing.dagbag.BundleDagBag","filename":"dagbag.py","lineno":460}
{"timestamp":"2026-09-02T18:22:03.192911Z","level":"info","event":"Filling up the DagBag from /opt/airflow/dags/1_first_task.py","logger":"airflow.dag_processing.dagbag.BundleDagBag","filename":"dagbag.py","lineno":460}
{"timestamp":"2026-09-02T18:22:33.754404Z","level":"info","event":"Filling up the DagBag from /opt/airflow/dags/1_first_task.py","logger":"airflow.dag_processing.dagbag.BundleDagBag","filename":"dagbag.py","lineno":460}
{"timestamp":"2026-09-02T18:23:04.337544Z","level":"info","event":"Filling up the DagBag from /opt/airflow/dags/1_first_task.py","logger":"airflow.dag_processing.dagbag.BundleDagBag","filename":"dagbag.py","lineno":460}
{"timestamp":"2026-09-02T18:23:34.931520Z","level":"info","event":"Filling up the DagBag from /opt/airflow/dags/1_first_task.py","logger":"airflow.dag_processing.dagbag.BundleDagBag","filename":"dagbag.py","lineno":460}
{"timestamp":"2026-09-02T18:24:05.512602Z","level":"info","event":"Filling up the DagBag from /opt/airflow/dags/1_first_task.py","logger":"airflow.dag_processing.dagbag.BundleDagBag","filename":"dagbag.py","lineno":460}
{"timestamp":"2026-09-02T18:24:36.082645Z","level":"info","event":"Filling up the DagBag from /opt/airflow/dags/1_first_task.py","logger":"airflow.dag_processing.dagbag.BundleDagBag","filename":"dagbag.py","lineno":460}
{"timestamp":"2026-09-02T18:25:06.673541Z","level":"info","event":"Filling up the DagBag from /opt/airflow/dags/1_first_task.py","logger":"airflow.dag_processing.dagbag.BundleDagBag","filename":"dagbag.py","lineno":460}
{"timestamp":"2026-09-02T18:25:37.266494Z","level":"info","event":"Filling up the DagBag from /opt/airflow/dags/1_first_task.py","logger":"airflow.dag_processing.dagbag.BundleDagBag","filename":"dagbag.py","lineno":460}
